<Anims>
 <anim name="idle" root="uggems" numframes="3000" framerate="40">
  <frame idx="0" w="220" h="286" x="0.000000" y="-60.000000">
   <element name="image" layername="gem" frame="0" z_index="2" m_a="1.000000" m_b="0.000000" m_c="0.000000" m_d="1.000000" m_tx="0.000000" m_ty="0.000000"/>
   <element name="swap_item" layername="axe" frame="0" z_index="1" m_a="1.600000" m_b="0.000000" m_c="0.000000" m_d="1.600000" m_tx="1.000000" m_ty="-65.000000"/>
  </frame>
  <frame idx="25" w="220" h="286" x="0.000000" y="-60.000000">
   <element name="image" layername="gem" frame="0" z_index="2" m_a="1.000000" m_b="0.000000" m_c="0.000000" m_d="1.000000" m_tx="0.000000" m_ty="0.000000"/>
   <element name="swap_item" layername="axe" frame="0" z_index="1" m_a="1.603333" m_b="0.000000" m_c="0.000000" m_d="1.603333" m_tx="1.000000" m_ty="-65.000000"/>
  </frame>
  <frame idx="50" w="220" h="286" x="0.000000" y="-60.000000">
   <element name="image" layername="gem" frame="0" z_index="2" m_a="1.000000" m_b="0.000000" m_c="0.000000" m_d="1.000000" m_tx="0.000000" m_ty="0.000000"/>
   <element name="swap_item" layername="axe" frame="0" z_index="1" m_a="1.606667" m_b="0.000000" m_c="0.000000" m_d="1.606667" m_tx="1.000000" m_ty="-65.000000"/>
  </frame>
  <frame idx="75" w="220" h="286" x="0.000000" y="-60.000000">
   <element name="image" layername="gem" frame="0" z_index="2" m_a="1.000000" m_b="0.000000" m_c="0.000000" m_d="1.000000" m_tx="0.000000" m_ty="0.000000"/>
   <element name="swap_item" layername="axe" frame="0" z_index="1" m_a="1.610000" m_b="0.000000" m_c="0.000000" m_d="1.610000" m_tx="1.000000" m_ty="-65.000000"/>
  </frame>
  <frame idx="100" w="220" h="286" x="0.000000" y="-60.000000">
   <element name="image" layername="gem" frame="0" z_index="2" m_a="1.000000" m_b="0.000000" m_c="0.000000" m_d="1.000000" m_tx="0.000000" m_ty="0.000000"/>
   <element name="swap_item" layername="axe" frame="0" z_index="1" m_a="1.613333" m_b="0.000000" m_c="0.000000" m_d="1.613333" m_tx="1.000000" m_ty="-65.000000"/>
  </frame>
  <frame idx="125" w="220" h="286" x="0.000000" y="-60.000000">
   <element name="image" layername="gem" frame="0" z_index="2" m_a="1.000000" m_b="0.000000" m_c="0.000000" m_d="1.000000" m_tx="0.000000" m_ty="0.000000"/>
   <element name="swap_item" layername="axe" frame="0" z_index="1" m_a="1.616667" m_b="0.000000" m_c="0.000000" m_d="1.616667" m_tx="1.000000" m_ty="-65.000000"/>
  </frame>
  <frame idx="150" w="220" h="286" x="0.000000" y="-60.000000">
   <element name="image" layername="gem" frame="0" z_index="2" m_a="1.000000" m_b="0.000000" m_c="0.000000" m_d="1.000000" m_tx="0.000000" m_ty="0.000000"/>
   <element name="swap_item" layername="axe" frame="0" z_index="1" m_a="1.620000" m_b="0.000000" m_c="0.000000" m_d="1.620000" m_tx="1.000000" m_ty="-65.000000"/>
  </frame>
  <frame idx="175" w="220" h="286" x="0.000000" y="-60.000000">
   <element name="image" layername="gem" frame="0" z_index="2" m_a="1.000000" m_b="0.000000" m_c="0.000000" m_d="1.000000" m_tx="0.000000" m_ty="0.000000"/>
   <element name="swap_item" layername="axe" frame="0" z_index="1" m_a="1.623333" m_b="0.000000" m_c="0.000000" m_d="1.623333" m_tx="1.000000" m_ty="-65.000000"/>
  </frame>
  <frame idx="200" w="220" h="286" x="0.000000" y="-60.000000">
   <element name="image" layername="gem" frame="0" z_index="2" m_a="1.000000" m_b="0.000000" m_c="0.000000" m_d="1.000000" m_tx="0.000000" m_ty="0.000000"/>
   <element name="swap_item" layername="axe" frame="0" z_index="1" m_a="1.626667" m_b="0.000000" m_c="0.000000" m_d="1.626667" m_tx="1.000000" m_ty="-65.000000"/>
  </frame>
  <frame idx="225" w="220" h="286" x="0.000000" y="-60.000000">
   <element name="image" layername="gem" frame="0" z_index="2" m_a="1.000000" m_b="0.000000" m_c="0.000000" m_d="1.000000" m_tx="0.000000" m_ty="0.000000"/>
   <element name="swap_item" layername="axe" frame="0" z_index="1" m_a="1.630000" m_b="0.000000" m_c="0.000000" m_d="1.630000" m_tx="1.000000" m_ty="-65.000000"/>
  </frame>
  <frame idx="250" w="220" h="286" x="0.000000" y="-60.000000">
   <element name="image" layername="gem" frame="0" z_index="2" m_a="1.000000" m_b="0.000000" m_c="0.000000" m_d="1.000000" m_tx="0.000000" m_ty="0.000000"/>
   <element name="swap_item" layername="axe" frame="0" z_index="1" m_a="1.633333" m_b="0.000000" m_c="0.000000" m_d="1.633333" m_tx="1.000000" m_ty="-65.000000"/>
  </frame>
  <frame idx="275" w="220" h="286" x="0.000000" y="-60.000000">
   <element name="image" layername="gem" frame="0" z_index="2" m_a="1.000000" m_b="0.000000" m_c="0.000000" m_d="1.000000" m_tx="0.000000" m_ty="0.000000"/>
   <element name="swap_item" layername="axe" frame="0" z_index="1" m_a="1.636667" m_b="0.000000" m_c="0.000000" m_d="1.636667" m_tx="1.000000" m_ty="-65.000000"/>
  </frame>
  <frame idx="300" w="220" h="286" x="0.000000" y="-60.000000">
   <element name="image" layername="gem" frame="0" z_index="2" m_a="1.000000" m_b="0.000000" m_c="0.000000" m_d="1.000000" m_tx="0.000000" m_ty="0.000000"/>
   <element name="swap_item" layername="axe" frame="0" z_index="1" m_a="1.640000" m_b="0.000000" m_c="0.000000" m_d="1.640000" m_tx="1.000000" m_ty="-65.000000"/>
  </frame>
  <frame idx="325" w="220" h="286" x="0.000000" y="-60.000000">
   <element name="image" layername="gem" frame="0" z_index="2" m_a="1.000000" m_b="0.000000" m_c="0.000000" m_d="1.000000" m_tx="0.000000" m_ty="0.000000"/>
   <element name="swap_item" layername="axe" frame="0" z_index="1" m_a="1.643333" m_b="0.000000" m_c="0.000000" m_d="1.643333" m_tx="1.000000" m_ty="-65.000000"/>
  </frame>
  <frame idx="350" w="220" h="286" x="0.000000" y="-60.000000">
   <element name="image" layername="gem" frame="0" z_index="2" m_a="1.000000" m_b="0.000000" m_c="0.000000" m_d="1.000000" m_tx="0.000000" m_ty="0.000000"/>
   <element name="swap_item" layername="axe" frame="0" z_index="1" m_a="1.646667" m_b="0.000000" m_c="0.000000" m_d="1.646667" m_tx="1.000000" m_ty="-65.000000"/>
  </frame>
  <frame idx="375" w="220" h="286" x="0.000000" y="-60.000000">
   <element name="image" layername="gem" frame="0" z_index="2" m_a="1.000000" m_b="0.000000" m_c="0.000000" m_d="1.000000" m_tx="0.000000" m_ty="0.000000"/>
   <element name="swap_item" layername="axe" frame="0" z_index="1" m_a="1.650000" m_b="0.000000" m_c="0.000000" m_d="1.650000" m_tx="1.000000" m_ty="-65.000000"/>
  </frame>
  <frame idx="400" w="220" h="286" x="0.000000" y="-60.000000">
   <element name="image" layername="gem" frame="0" z_index="2" m_a="1.000000" m_b="0.000000" m_c="0.000000" m_d="1.000000" m_tx="0.000000" m_ty="0.000000"/>
   <element name="swap_item" layername="axe" frame="0" z_index="1" m_a="1.653333" m_b="0.000000" m_c="0.000000" m_d="1.653333" m_tx="1.000000" m_ty="-65.000000"/>
  </frame>
  <frame idx="425" w="220" h="286" x="0.000000" y="-60.000000">
   <element name="image" layername="gem" frame="0" z_index="2" m_a="1.000000" m_b="0.000000" m_c="0.000000" m_d="1.000000" m_tx="0.000000" m_ty="0.000000"/>
   <element name="swap_item" layername="axe" frame="0" z_index="1" m_a="1.656667" m_b="0.000000" m_c="0.000000" m_d="1.656667" m_tx="1.000000" m_ty="-65.000000"/>
  </frame>
  <frame idx="450" w="220" h="286" x="0.000000" y="-60.000000">
   <element name="image" layername="gem" frame="0" z_index="2" m_a="1.000000" m_b="0.000000" m_c="0.000000" m_d="1.000000" m_tx="0.000000" m_ty="0.000000"/>
   <element name="swap_item" layername="axe" frame="0" z_index="1" m_a="1.660000" m_b="0.000000" m_c="0.000000" m_d="1.660000" m_tx="1.000000" m_ty="-65.000000"/>
  </frame>
  <frame idx="475" w="220" h="286" x="0.000000" y="-60.000000">
   <element name="image" layername="gem" frame="0" z_index="2" m_a="1.000000" m_b="0.000000" m_c="0.000000" m_d="1.000000" m_tx="0.000000" m_ty="0.000000"/>
   <element name="swap_item" layername="axe" frame="0" z_index="1" m_a="1.663333" m_b="0.000000" m_c="0.000000" m_d="1.663333" m_tx="1.000000" m_ty="-65.000000"/>
  </frame>
  <frame idx="500" w="220" h="286" x="0.000000" y="-60.000000">
   <element name="image" layername="gem" frame="0" z_index="2" m_a="1.000000" m_b="0.000000" m_c="0.000000" m_d="1.000000" m_tx="0.000000" m_ty="0.000000"/>
   <element name="swap_item" layername="axe" frame="0" z_index="1" m_a="1.666667" m_b="0.000000" m_c="0.000000" m_d="1.666667" m_tx="1.000000" m_ty="-65.000000"/>
  </frame>
  <frame idx="525" w="220" h="286" x="0.000000" y="-60.000000">
   <element name="image" layername="gem" frame="0" z_index="2" m_a="1.000000" m_b="0.000000" m_c="0.000000" m_d="1.000000" m_tx="0.000000" m_ty="0.000000"/>
   <element name="swap_item" layername="axe" frame="0" z_index="1" m_a="1.670000" m_b="0.000000" m_c="0.000000" m_d="1.670000" m_tx="1.000000" m_ty="-65.000000"/>
  </frame>
  <frame idx="550" w="220" h="286" x="0.000000" y="-60.000000">
   <element name="image" layername="gem" frame="0" z_index="2" m_a="1.000000" m_b="0.000000" m_c="0.000000" m_d="1.000000" m_tx="0.000000" m_ty="0.000000"/>
   <element name="swap_item" layername="axe" frame="0" z_index="1" m_a="1.673333" m_b="0.000000" m_c="0.000000" m_d="1.673333" m_tx="1.000000" m_ty="-65.000000"/>
  </frame>
  <frame idx="575" w="220" h="286" x="0.000000" y="-60.000000">
   <element name="image" layername="gem" frame="0" z_index="2" m_a="1.000000" m_b="0.000000" m_c="0.000000" m_d="1.000000" m_tx="0.000000" m_ty="0.000000"/>
   <element name="swap_item" layername="axe" frame="0" z_index="1" m_a="1.676667" m_b="0.000000" m_c="0.000000" m_d="1.676667" m_tx="1.000000" m_ty="-65.000000"/>
  </frame>
  <frame idx="600" w="220" h="286" x="0.000000" y="-60.000000">
   <element name="image" layername="gem" frame="0" z_index="2" m_a="1.000000" m_b="0.000000" m_c="0.000000" m_d="1.000000" m_tx="0.000000" m_ty="0.000000"/>
   <element name="swap_item" layername="axe" frame="0" z_index="1" m_a="1.680000" m_b="0.000000" m_c="0.000000" m_d="1.680000" m_tx="1.000000" m_ty="-65.000000"/>
  </frame>
  <frame idx="625" w="220" h="286" x="0.000000" y="-60.000000">
   <element name="image" layername="gem" frame="0" z_index="2" m_a="1.000000" m_b="0.000000" m_c="0.000000" m_d="1.000000" m_tx="0.000000" m_ty="0.000000"/>
   <element name="swap_item" layername="axe" frame="0" z_index="1" m_a="1.683333" m_b="0.000000" m_c="0.000000" m_d="1.683333" m_tx="1.000000" m_ty="-65.000000"/>
  </frame>
  <frame idx="650" w="220" h="286" x="0.000000" y="-60.000000">
   <element name="image" layername="gem" frame="0" z_index="2" m_a="1.000000" m_b="0.000000" m_c="0.000000" m_d="1.000000" m_tx="0.000000" m_ty="0.000000"/>
   <element name="swap_item" layername="axe" frame="0" z_index="1" m_a="1.686667" m_b="0.000000" m_c="0.000000" m_d="1.686667" m_tx="1.000000" m_ty="-65.000000"/>
  </frame>
  <frame idx="675" w="220" h="286" x="0.000000" y="-60.000000">
   <element name="image" layername="gem" frame="0" z_index="2" m_a="1.000000" m_b="0.000000" m_c="0.000000" m_d="1.000000" m_tx="0.000000" m_ty="0.000000"/>
   <element name="swap_item" layername="axe" frame="0" z_index="1" m_a="1.690000" m_b="0.000000" m_c="0.000000" m_d="1.690000" m_tx="1.000000" m_ty="-65.000000"/>
  </frame>
  <frame idx="700" w="220" h="286" x="0.000000" y="-60.000000">
   <element name="image" layername="gem" frame="0" z_index="2" m_a="1.000000" m_b="0.000000" m_c="0.000000" m_d="1.000000" m_tx="0.000000" m_ty="0.000000"/>
   <element name="swap_item" layername="axe" frame="0" z_index="1" m_a="1.693333" m_b="0.000000" m_c="0.000000" m_d="1.693333" m_tx="1.000000" m_ty="-65.000000"/>
  </frame>
  <frame idx="725" w="220" h="286" x="0.000000" y="-60.000000">
   <element name="image" layername="gem" frame="0" z_index="2" m_a="1.000000" m_b="0.000000" m_c="0.000000" m_d="1.000000" m_tx="0.000000" m_ty="0.000000"/>
   <element name="swap_item" layername="axe" frame="0" z_index="1" m_a="1.696667" m_b="0.000000" m_c="0.000000" m_d="1.696667" m_tx="1.000000" m_ty="-65.000000"/>
  </frame>
  <frame idx="750" w="220" h="286" x="0.000000" y="-60.000000">
   <element name="image" layername="gem" frame="0" z_index="2" m_a="1.000000" m_b="0.000000" m_c="0.000000" m_d="1.000000" m_tx="0.000000" m_ty="0.000000"/>
   <element name="swap_item" layername="axe" frame="0" z_index="1" m_a="1.700000" m_b="0.000000" m_c="0.000000" m_d="1.700000" m_tx="1.000000" m_ty="-65.000000"/>
  </frame>
  <frame idx="775" w="220" h="286" x="0.000000" y="-60.000000">
   <element name="image" layername="gem" frame="0" z_index="2" m_a="1.000000" m_b="0.000000" m_c="0.000000" m_d="1.000000" m_tx="0.000000" m_ty="0.000000"/>
   <element name="swap_item" layername="axe" frame="0" z_index="1" m_a="1.703333" m_b="0.000000" m_c="0.000000" m_d="1.703333" m_tx="1.000000" m_ty="-65.000000"/>
  </frame>
  <frame idx="800" w="220" h="286" x="0.000000" y="-60.000000">
   <element name="image" layername="gem" frame="0" z_index="2" m_a="1.000000" m_b="0.000000" m_c="0.000000" m_d="1.000000" m_tx="0.000000" m_ty="0.000000"/>
   <element name="swap_item" layername="axe" frame="0" z_index="1" m_a="1.706667" m_b="0.000000" m_c="0.000000" m_d="1.706667" m_tx="1.000000" m_ty="-65.000000"/>
  </frame>
  <frame idx="825" w="220" h="286" x="0.000000" y="-60.000000">
   <element name="image" layername="gem" frame="0" z_index="2" m_a="1.000000" m_b="0.000000" m_c="0.000000" m_d="1.000000" m_tx="0.000000" m_ty="0.000000"/>
   <element name="swap_item" layername="axe" frame="0" z_index="1" m_a="1.710000" m_b="0.000000" m_c="0.000000" m_d="1.710000" m_tx="1.000000" m_ty="-65.000000"/>
  </frame>
  <frame idx="850" w="220" h="286" x="0.000000" y="-60.000000">
   <element name="image" layername="gem" frame="0" z_index="2" m_a="1.000000" m_b="0.000000" m_c="0.000000" m_d="1.000000" m_tx="0.000000" m_ty="0.000000"/>
   <element name="swap_item" layername="axe" frame="0" z_index="1" m_a="1.713333" m_b="0.000000" m_c="0.000000" m_d="1.713333" m_tx="1.000000" m_ty="-65.000000"/>
  </frame>
  <frame idx="875" w="220" h="286" x="0.000000" y="-60.000000">
   <element name="image" layername="gem" frame="0" z_index="2" m_a="1.000000" m_b="0.000000" m_c="0.000000" m_d="1.000000" m_tx="0.000000" m_ty="0.000000"/>
   <element name="swap_item" layername="axe" frame="0" z_index="1" m_a="1.716667" m_b="0.000000" m_c="0.000000" m_d="1.716667" m_tx="1.000000" m_ty="-65.000000"/>
  </frame>
  <frame idx="900" w="220" h="286" x="0.000000" y="-60.000000">
   <element name="image" layername="gem" frame="0" z_index="2" m_a="1.000000" m_b="0.000000" m_c="0.000000" m_d="1.000000" m_tx="0.000000" m_ty="0.000000"/>
   <element name="swap_item" layername="axe" frame="0" z_index="1" m_a="1.720000" m_b="0.000000" m_c="0.000000" m_d="1.720000" m_tx="1.000000" m_ty="-65.000000"/>
  </frame>
  <frame idx="925" w="220" h="286" x="0.000000" y="-60.000000">
   <element name="image" layername="gem" frame="0" z_index="2" m_a="1.000000" m_b="0.000000" m_c="0.000000" m_d="1.000000" m_tx="0.000000" m_ty="0.000000"/>
   <element name="swap_item" layername="axe" frame="0" z_index="1" m_a="1.723333" m_b="0.000000" m_c="0.000000" m_d="1.723333" m_tx="1.000000" m_ty="-65.000000"/>
  </frame>
  <frame idx="950" w="220" h="286" x="0.000000" y="-60.000000">
   <element name="image" layername="gem" frame="0" z_index="2" m_a="1.000000" m_b="0.000000" m_c="0.000000" m_d="1.000000" m_tx="0.000000" m_ty="0.000000"/>
   <element name="swap_item" layername="axe" frame="0" z_index="1" m_a="1.726667" m_b="0.000000" m_c="0.000000" m_d="1.726667" m_tx="1.000000" m_ty="-65.000000"/>
  </frame>
  <frame idx="975" w="220" h="286" x="0.000000" y="-60.000000">
   <element name="image" layername="gem" frame="0" z_index="2" m_a="1.000000" m_b="0.000000" m_c="0.000000" m_d="1.000000" m_tx="0.000000" m_ty="0.000000"/>
   <element name="swap_item" layername="axe" frame="0" z_index="1" m_a="1.730000" m_b="0.000000" m_c="0.000000" m_d="1.730000" m_tx="1.000000" m_ty="-65.000000"/>
  </frame>
  <frame idx="1000" w="220" h="286" x="0.000000" y="-60.000000">
   <element name="image" layername="gem" frame="0" z_index="2" m_a="1.000000" m_b="0.000000" m_c="0.000000" m_d="1.000000" m_tx="0.000000" m_ty="0.000000"/>
   <element name="swap_item" layername="axe" frame="0" z_index="1" m_a="1.733333" m_b="0.000000" m_c="0.000000" m_d="1.733333" m_tx="1.000000" m_ty="-65.000000"/>
  </frame>
  <frame idx="1025" w="220" h="286" x="0.000000" y="-60.000000">
   <element name="image" layername="gem" frame="0" z_index="2" m_a="1.000000" m_b="0.000000" m_c="0.000000" m_d="1.000000" m_tx="0.000000" m_ty="0.000000"/>
   <element name="swap_item" layername="axe" frame="0" z_index="1" m_a="1.736667" m_b="0.000000" m_c="0.000000" m_d="1.736667" m_tx="1.000000" m_ty="-65.000000"/>
  </frame>
  <frame idx="1050" w="220" h="286" x="0.000000" y="-60.000000">
   <element name="image" layername="gem" frame="0" z_index="2" m_a="1.000000" m_b="0.000000" m_c="0.000000" m_d="1.000000" m_tx="0.000000" m_ty="0.000000"/>
   <element name="swap_item" layername="axe" frame="0" z_index="1" m_a="1.740000" m_b="0.000000" m_c="0.000000" m_d="1.740000" m_tx="1.000000" m_ty="-65.000000"/>
  </frame>
  <frame idx="1075" w="220" h="286" x="0.000000" y="-60.000000">
   <element name="image" layername="gem" frame="0" z_index="2" m_a="1.000000" m_b="0.000000" m_c="0.000000" m_d="1.000000" m_tx="0.000000" m_ty="0.000000"/>
   <element name="swap_item" layername="axe" frame="0" z_index="1" m_a="1.743333" m_b="0.000000" m_c="0.000000" m_d="1.743333" m_tx="1.000000" m_ty="-65.000000"/>
  </frame>
  <frame idx="1100" w="220" h="286" x="0.000000" y="-60.000000">
   <element name="image" layername="gem" frame="0" z_index="2" m_a="1.000000" m_b="0.000000" m_c="0.000000" m_d="1.000000" m_tx="0.000000" m_ty="0.000000"/>
   <element name="swap_item" layername="axe" frame="0" z_index="1" m_a="1.746667" m_b="0.000000" m_c="0.000000" m_d="1.746667" m_tx="1.000000" m_ty="-65.000000"/>
  </frame>
  <frame idx="1125" w="220" h="286" x="0.000000" y="-60.000000">
   <element name="image" layername="gem" frame="0" z_index="2" m_a="1.000000" m_b="0.000000" m_c="0.000000" m_d="1.000000" m_tx="0.000000" m_ty="0.000000"/>
   <element name="swap_item" layername="axe" frame="0" z_index="1" m_a="1.750000" m_b="0.000000" m_c="0.000000" m_d="1.750000" m_tx="1.000000" m_ty="-65.000000"/>
  </frame>
  <frame idx="1150" w="220" h="286" x="0.000000" y="-60.000000">
   <element name="image" layername="gem" frame="0" z_index="2" m_a="1.000000" m_b="0.000000" m_c="0.000000" m_d="1.000000" m_tx="0.000000" m_ty="0.000000"/>
   <element name="swap_item" layername="axe" frame="0" z_index="1" m_a="1.753333" m_b="0.000000" m_c="0.000000" m_d="1.753333" m_tx="1.000000" m_ty="-65.000000"/>
  </frame>
  <frame idx="1175" w="220" h="286" x="0.000000" y="-60.000000">
   <element name="image" layername="gem" frame="0" z_index="2" m_a="1.000000" m_b="0.000000" m_c="0.000000" m_d="1.000000" m_tx="0.000000" m_ty="0.000000"/>
   <element name="swap_item" layername="axe" frame="0" z_index="1" m_a="1.756667" m_b="0.000000" m_c="0.000000" m_d="1.756667" m_tx="1.000000" m_ty="-65.000000"/>
  </frame>
  <frame idx="1200" w="220" h="286" x="0.000000" y="-60.000000">
   <element name="image" layername="gem" frame="0" z_index="2" m_a="1.000000" m_b="0.000000" m_c="0.000000" m_d="1.000000" m_tx="0.000000" m_ty="0.000000"/>
   <element name="swap_item" layername="axe" frame="0" z_index="1" m_a="1.760000" m_b="0.000000" m_c="0.000000" m_d="1.760000" m_tx="1.000000" m_ty="-65.000000"/>
  </frame>
  <frame idx="1225" w="220" h="286" x="0.000000" y="-60.000000">
   <element name="image" layername="gem" frame="0" z_index="2" m_a="1.000000" m_b="0.000000" m_c="0.000000" m_d="1.000000" m_tx="0.000000" m_ty="0.000000"/>
   <element name="swap_item" layername="axe" frame="0" z_index="1" m_a="1.763333" m_b="0.000000" m_c="0.000000" m_d="1.763333" m_tx="1.000000" m_ty="-65.000000"/>
  </frame>
  <frame idx="1250" w="220" h="286" x="0.000000" y="-60.000000">
   <element name="image" layername="gem" frame="0" z_index="2" m_a="1.000000" m_b="0.000000" m_c="0.000000" m_d="1.000000" m_tx="0.000000" m_ty="0.000000"/>
   <element name="swap_item" layername="axe" frame="0" z_index="1" m_a="1.766667" m_b="0.000000" m_c="0.000000" m_d="1.766667" m_tx="1.000000" m_ty="-65.000000"/>
  </frame>
  <frame idx="1275" w="220" h="286" x="0.000000" y="-60.000000">
   <element name="image" layername="gem" frame="0" z_index="2" m_a="1.000000" m_b="0.000000" m_c="0.000000" m_d="1.000000" m_tx="0.000000" m_ty="0.000000"/>
   <element name="swap_item" layername="axe" frame="0" z_index="1" m_a="1.770000" m_b="0.000000" m_c="0.000000" m_d="1.770000" m_tx="1.000000" m_ty="-65.000000"/>
  </frame>
  <frame idx="1300" w="220" h="286" x="0.000000" y="-60.000000">
   <element name="image" layername="gem" frame="0" z_index="2" m_a="1.000000" m_b="0.000000" m_c="0.000000" m_d="1.000000" m_tx="0.000000" m_ty="0.000000"/>
   <element name="swap_item" layername="axe" frame="0" z_index="1" m_a="1.773333" m_b="0.000000" m_c="0.000000" m_d="1.773333" m_tx="1.000000" m_ty="-65.000000"/>
  </frame>
  <frame idx="1325" w="220" h="286" x="0.000000" y="-60.000000">
   <element name="image" layername="gem" frame="0" z_index="2" m_a="1.000000" m_b="0.000000" m_c="0.000000" m_d="1.000000" m_tx="0.000000" m_ty="0.000000"/>
   <element name="swap_item" layername="axe" frame="0" z_index="1" m_a="1.776667" m_b="0.000000" m_c="0.000000" m_d="1.776667" m_tx="1.000000" m_ty="-65.000000"/>
  </frame>
  <frame idx="1350" w="220" h="286" x="0.000000" y="-60.000000">
   <element name="image" layername="gem" frame="0" z_index="2" m_a="1.000000" m_b="0.000000" m_c="0.000000" m_d="1.000000" m_tx="0.000000" m_ty="0.000000"/>
   <element name="swap_item" layername="axe" frame="0" z_index="1" m_a="1.780000" m_b="0.000000" m_c="0.000000" m_d="1.780000" m_tx="1.000000" m_ty="-65.000000"/>
  </frame>
  <frame idx="1375" w="220" h="286" x="0.000000" y="-60.000000">
   <element name="image" layername="gem" frame="0" z_index="2" m_a="1.000000" m_b="0.000000" m_c="0.000000" m_d="1.000000" m_tx="0.000000" m_ty="0.000000"/>
   <element name="swap_item" layername="axe" frame="0" z_index="1" m_a="1.783333" m_b="0.000000" m_c="0.000000" m_d="1.783333" m_tx="1.000000" m_ty="-65.000000"/>
  </frame>
  <frame idx="1400" w="220" h="286" x="0.000000" y="-60.000000">
   <element name="image" layername="gem" frame="0" z_index="2" m_a="1.000000" m_b="0.000000" m_c="0.000000" m_d="1.000000" m_tx="0.000000" m_ty="0.000000"/>
   <element name="swap_item" layername="axe" frame="0" z_index="1" m_a="1.786667" m_b="0.000000" m_c="0.000000" m_d="1.786667" m_tx="1.000000" m_ty="-65.000000"/>
  </frame>
  <frame idx="1425" w="220" h="286" x="0.000000" y="-60.000000">
   <element name="image" layername="gem" frame="0" z_index="2" m_a="1.000000" m_b="0.000000" m_c="0.000000" m_d="1.000000" m_tx="0.000000" m_ty="0.000000"/>
   <element name="swap_item" layername="axe" frame="0" z_index="1" m_a="1.790000" m_b="0.000000" m_c="0.000000" m_d="1.790000" m_tx="1.000000" m_ty="-65.000000"/>
  </frame>
  <frame idx="1450" w="220" h="286" x="0.000000" y="-60.000000">
   <element name="image" layername="gem" frame="0" z_index="2" m_a="1.000000" m_b="0.000000" m_c="0.000000" m_d="1.000000" m_tx="0.000000" m_ty="0.000000"/>
   <element name="swap_item" layername="axe" frame="0" z_index="1" m_a="1.793333" m_b="0.000000" m_c="0.000000" m_d="1.793333" m_tx="1.000000" m_ty="-65.000000"/>
  </frame>
  <frame idx="1475" w="220" h="286" x="0.000000" y="-60.000000">
   <element name="image" layername="gem" frame="0" z_index="2" m_a="1.000000" m_b="0.000000" m_c="0.000000" m_d="1.000000" m_tx="0.000000" m_ty="0.000000"/>
   <element name="swap_item" layername="axe" frame="0" z_index="1" m_a="1.796667" m_b="0.000000" m_c="0.000000" m_d="1.796667" m_tx="1.000000" m_ty="-65.000000"/>
  </frame>
  <frame idx="1500" w="220" h="286" x="0.000000" y="-60.000000">
   <element name="image" layername="gem" frame="0" z_index="2" m_a="1.000000" m_b="0.000000" m_c="0.000000" m_d="1.000000" m_tx="0.000000" m_ty="0.000000"/>
   <element name="swap_item" layername="axe" frame="0" z_index="1" m_a="1.800000" m_b="0.000000" m_c="0.000000" m_d="1.800000" m_tx="1.000000" m_ty="-65.000000"/>
  </frame>
  <frame idx="1525" w="220" h="286" x="0.000000" y="-60.000000">
   <element name="image" layername="gem" frame="0" z_index="2" m_a="1.000000" m_b="0.000000" m_c="0.000000" m_d="1.000000" m_tx="0.000000" m_ty="0.000000"/>
   <element name="swap_item" layername="axe" frame="0" z_index="1" m_a="1.796667" m_b="0.000000" m_c="0.000000" m_d="1.796667" m_tx="1.000000" m_ty="-65.000000"/>
  </frame>
  <frame idx="1550" w="220" h="286" x="0.000000" y="-60.000000">
   <element name="image" layername="gem" frame="0" z_index="2" m_a="1.000000" m_b="0.000000" m_c="0.000000" m_d="1.000000" m_tx="0.000000" m_ty="0.000000"/>
   <element name="swap_item" layername="axe" frame="0" z_index="1" m_a="1.793333" m_b="0.000000" m_c="0.000000" m_d="1.793333" m_tx="1.000000" m_ty="-65.000000"/>
  </frame>
  <frame idx="1575" w="220" h="286" x="0.000000" y="-60.000000">
   <element name="image" layername="gem" frame="0" z_index="2" m_a="1.000000" m_b="0.000000" m_c="0.000000" m_d="1.000000" m_tx="0.000000" m_ty="0.000000"/>
   <element name="swap_item" layername="axe" frame="0" z_index="1" m_a="1.790000" m_b="0.000000" m_c="0.000000" m_d="1.790000" m_tx="1.000000" m_ty="-65.000000"/>
  </frame>
  <frame idx="1600" w="220" h="286" x="0.000000" y="-60.000000">
   <element name="image" layername="gem" frame="0" z_index="2" m_a="1.000000" m_b="0.000000" m_c="0.000000" m_d="1.000000" m_tx="0.000000" m_ty="0.000000"/>
   <element name="swap_item" layername="axe" frame="0" z_index="1" m_a="1.786667" m_b="0.000000" m_c="0.000000" m_d="1.786667" m_tx="1.000000" m_ty="-65.000000"/>
  </frame>
  <frame idx="1625" w="220" h="286" x="0.000000" y="-60.000000">
   <element name="image" layername="gem" frame="0" z_index="2" m_a="1.000000" m_b="0.000000" m_c="0.000000" m_d="1.000000" m_tx="0.000000" m_ty="0.000000"/>
   <element name="swap_item" layername="axe" frame="0" z_index="1" m_a="1.783333" m_b="0.000000" m_c="0.000000" m_d="1.783333" m_tx="1.000000" m_ty="-65.000000"/>
  </frame>
  <frame idx="1650" w="220" h="286" x="0.000000" y="-60.000000">
   <element name="image" layername="gem" frame="0" z_index="2" m_a="1.000000" m_b="0.000000" m_c="0.000000" m_d="1.000000" m_tx="0.000000" m_ty="0.000000"/>
   <element name="swap_item" layername="axe" frame="0" z_index="1" m_a="1.780000" m_b="0.000000" m_c="0.000000" m_d="1.780000" m_tx="1.000000" m_ty="-65.000000"/>
  </frame>
  <frame idx="1675" w="220" h="286" x="0.000000" y="-60.000000">
   <element name="image" layername="gem" frame="0" z_index="2" m_a="1.000000" m_b="0.000000" m_c="0.000000" m_d="1.000000" m_tx="0.000000" m_ty="0.000000"/>
   <element name="swap_item" layername="axe" frame="0" z_index="1" m_a="1.776667" m_b="0.000000" m_c="0.000000" m_d="1.776667" m_tx="1.000000" m_ty="-65.000000"/>
  </frame>
  <frame idx="1700" w="220" h="286" x="0.000000" y="-60.000000">
   <element name="image" layername="gem" frame="0" z_index="2" m_a="1.000000" m_b="0.000000" m_c="0.000000" m_d="1.000000" m_tx="0.000000" m_ty="0.000000"/>
   <element name="swap_item" layername="axe" frame="0" z_index="1" m_a="1.773333" m_b="0.000000" m_c="0.000000" m_d="1.773333" m_tx="1.000000" m_ty="-65.000000"/>
  </frame>
  <frame idx="1725" w="220" h="286" x="0.000000" y="-60.000000">
   <element name="image" layername="gem" frame="0" z_index="2" m_a="1.000000" m_b="0.000000" m_c="0.000000" m_d="1.000000" m_tx="0.000000" m_ty="0.000000"/>
   <element name="swap_item" layername="axe" frame="0" z_index="1" m_a="1.770000" m_b="0.000000" m_c="0.000000" m_d="1.770000" m_tx="1.000000" m_ty="-65.000000"/>
  </frame>
  <frame idx="1750" w="220" h="286" x="0.000000" y="-60.000000">
   <element name="image" layername="gem" frame="0" z_index="2" m_a="1.000000" m_b="0.000000" m_c="0.000000" m_d="1.000000" m_tx="0.000000" m_ty="0.000000"/>
   <element name="swap_item" layername="axe" frame="0" z_index="1" m_a="1.766667" m_b="0.000000" m_c="0.000000" m_d="1.766667" m_tx="1.000000" m_ty="-65.000000"/>
  </frame>
  <frame idx="1775" w="220" h="286" x="0.000000" y="-60.000000">
   <element name="image" layername="gem" frame="0" z_index="2" m_a="1.000000" m_b="0.000000" m_c="0.000000" m_d="1.000000" m_tx="0.000000" m_ty="0.000000"/>
   <element name="swap_item" layername="axe" frame="0" z_index="1" m_a="1.763333" m_b="0.000000" m_c="0.000000" m_d="1.763333" m_tx="1.000000" m_ty="-65.000000"/>
  </frame>
  <frame idx="1800" w="220" h="286" x="0.000000" y="-60.000000">
   <element name="image" layername="gem" frame="0" z_index="2" m_a="1.000000" m_b="0.000000" m_c="0.000000" m_d="1.000000" m_tx="0.000000" m_ty="0.000000"/>
   <element name="swap_item" layername="axe" frame="0" z_index="1" m_a="1.760000" m_b="0.000000" m_c="0.000000" m_d="1.760000" m_tx="1.000000" m_ty="-65.000000"/>
  </frame>
  <frame idx="1825" w="220" h="286" x="0.000000" y="-60.000000">
   <element name="image" layername="gem" frame="0" z_index="2" m_a="1.000000" m_b="0.000000" m_c="0.000000" m_d="1.000000" m_tx="0.000000" m_ty="0.000000"/>
   <element name="swap_item" layername="axe" frame="0" z_index="1" m_a="1.756667" m_b="0.000000" m_c="0.000000" m_d="1.756667" m_tx="1.000000" m_ty="-65.000000"/>
  </frame>
  <frame idx="1850" w="220" h="286" x="0.000000" y="-60.000000">
   <element name="image" layername="gem" frame="0" z_index="2" m_a="1.000000" m_b="0.000000" m_c="0.000000" m_d="1.000000" m_tx="0.000000" m_ty="0.000000"/>
   <element name="swap_item" layername="axe" frame="0" z_index="1" m_a="1.753333" m_b="0.000000" m_c="0.000000" m_d="1.753333" m_tx="1.000000" m_ty="-65.000000"/>
  </frame>
  <frame idx="1875" w="220" h="286" x="0.000000" y="-60.000000">
   <element name="image" layername="gem" frame="0" z_index="2" m_a="1.000000" m_b="0.000000" m_c="0.000000" m_d="1.000000" m_tx="0.000000" m_ty="0.000000"/>
   <element name="swap_item" layername="axe" frame="0" z_index="1" m_a="1.750000" m_b="0.000000" m_c="0.000000" m_d="1.750000" m_tx="1.000000" m_ty="-65.000000"/>
  </frame>
  <frame idx="1900" w="220" h="286" x="0.000000" y="-60.000000">
   <element name="image" layername="gem" frame="0" z_index="2" m_a="1.000000" m_b="0.000000" m_c="0.000000" m_d="1.000000" m_tx="0.000000" m_ty="0.000000"/>
   <element name="swap_item" layername="axe" frame="0" z_index="1" m_a="1.746667" m_b="0.000000" m_c="0.000000" m_d="1.746667" m_tx="1.000000" m_ty="-65.000000"/>
  </frame>
  <frame idx="1925" w="220" h="286" x="0.000000" y="-60.000000">
   <element name="image" layername="gem" frame="0" z_index="2" m_a="1.000000" m_b="0.000000" m_c="0.000000" m_d="1.000000" m_tx="0.000000" m_ty="0.000000"/>
   <element name="swap_item" layername="axe" frame="0" z_index="1" m_a="1.743333" m_b="0.000000" m_c="0.000000" m_d="1.743333" m_tx="1.000000" m_ty="-65.000000"/>
  </frame>
  <frame idx="1950" w="220" h="286" x="0.000000" y="-60.000000">
   <element name="image" layername="gem" frame="0" z_index="2" m_a="1.000000" m_b="0.000000" m_c="0.000000" m_d="1.000000" m_tx="0.000000" m_ty="0.000000"/>
   <element name="swap_item" layername="axe" frame="0" z_index="1" m_a="1.740000" m_b="0.000000" m_c="0.000000" m_d="1.740000" m_tx="1.000000" m_ty="-65.000000"/>
  </frame>
  <frame idx="1975" w="220" h="286" x="0.000000" y="-60.000000">
   <element name="image" layername="gem" frame="0" z_index="2" m_a="1.000000" m_b="0.000000" m_c="0.000000" m_d="1.000000" m_tx="0.000000" m_ty="0.000000"/>
   <element name="swap_item" layername="axe" frame="0" z_index="1" m_a="1.736667" m_b="0.000000" m_c="0.000000" m_d="1.736667" m_tx="1.000000" m_ty="-65.000000"/>
  </frame>
  <frame idx="2000" w="220" h="286" x="0.000000" y="-60.000000">
   <element name="image" layername="gem" frame="0" z_index="2" m_a="1.000000" m_b="0.000000" m_c="0.000000" m_d="1.000000" m_tx="0.000000" m_ty="0.000000"/>
   <element name="swap_item" layername="axe" frame="0" z_index="1" m_a="1.733333" m_b="0.000000" m_c="0.000000" m_d="1.733333" m_tx="1.000000" m_ty="-65.000000"/>
  </frame>
  <frame idx="2025" w="220" h="286" x="0.000000" y="-60.000000">
   <element name="image" layername="gem" frame="0" z_index="2" m_a="1.000000" m_b="0.000000" m_c="0.000000" m_d="1.000000" m_tx="0.000000" m_ty="0.000000"/>
   <element name="swap_item" layername="axe" frame="0" z_index="1" m_a="1.730000" m_b="0.000000" m_c="0.000000" m_d="1.730000" m_tx="1.000000" m_ty="-65.000000"/>
  </frame>
  <frame idx="2050" w="220" h="286" x="0.000000" y="-60.000000">
   <element name="image" layername="gem" frame="0" z_index="2" m_a="1.000000" m_b="0.000000" m_c="0.000000" m_d="1.000000" m_tx="0.000000" m_ty="0.000000"/>
   <element name="swap_item" layername="axe" frame="0" z_index="1" m_a="1.726667" m_b="0.000000" m_c="0.000000" m_d="1.726667" m_tx="1.000000" m_ty="-65.000000"/>
  </frame>
  <frame idx="2075" w="220" h="286" x="0.000000" y="-60.000000">
   <element name="image" layername="gem" frame="0" z_index="2" m_a="1.000000" m_b="0.000000" m_c="0.000000" m_d="1.000000" m_tx="0.000000" m_ty="0.000000"/>
   <element name="swap_item" layername="axe" frame="0" z_index="1" m_a="1.723333" m_b="0.000000" m_c="0.000000" m_d="1.723333" m_tx="1.000000" m_ty="-65.000000"/>
  </frame>
  <frame idx="2100" w="220" h="286" x="0.000000" y="-60.000000">
   <element name="image" layername="gem" frame="0" z_index="2" m_a="1.000000" m_b="0.000000" m_c="0.000000" m_d="1.000000" m_tx="0.000000" m_ty="0.000000"/>
   <element name="swap_item" layername="axe" frame="0" z_index="1" m_a="1.720000" m_b="0.000000" m_c="0.000000" m_d="1.720000" m_tx="1.000000" m_ty="-65.000000"/>
  </frame>
  <frame idx="2125" w="220" h="286" x="0.000000" y="-60.000000">
   <element name="image" layername="gem" frame="0" z_index="2" m_a="1.000000" m_b="0.000000" m_c="0.000000" m_d="1.000000" m_tx="0.000000" m_ty="0.000000"/>
   <element name="swap_item" layername="axe" frame="0" z_index="1" m_a="1.716667" m_b="0.000000" m_c="0.000000" m_d="1.716667" m_tx="1.000000" m_ty="-65.000000"/>
  </frame>
  <frame idx="2150" w="220" h="286" x="0.000000" y="-60.000000">
   <element name="image" layername="gem" frame="0" z_index="2" m_a="1.000000" m_b="0.000000" m_c="0.000000" m_d="1.000000" m_tx="0.000000" m_ty="0.000000"/>
   <element name="swap_item" layername="axe" frame="0" z_index="1" m_a="1.713333" m_b="0.000000" m_c="0.000000" m_d="1.713333" m_tx="1.000000" m_ty="-65.000000"/>
  </frame>
  <frame idx="2175" w="220" h="286" x="0.000000" y="-60.000000">
   <element name="image" layername="gem" frame="0" z_index="2" m_a="1.000000" m_b="0.000000" m_c="0.000000" m_d="1.000000" m_tx="0.000000" m_ty="0.000000"/>
   <element name="swap_item" layername="axe" frame="0" z_index="1" m_a="1.710000" m_b="0.000000" m_c="0.000000" m_d="1.710000" m_tx="1.000000" m_ty="-65.000000"/>
  </frame>
  <frame idx="2200" w="220" h="286" x="0.000000" y="-60.000000">
   <element name="image" layername="gem" frame="0" z_index="2" m_a="1.000000" m_b="0.000000" m_c="0.000000" m_d="1.000000" m_tx="0.000000" m_ty="0.000000"/>
   <element name="swap_item" layername="axe" frame="0" z_index="1" m_a="1.706667" m_b="0.000000" m_c="0.000000" m_d="1.706667" m_tx="1.000000" m_ty="-65.000000"/>
  </frame>
  <frame idx="2225" w="220" h="286" x="0.000000" y="-60.000000">
   <element name="image" layername="gem" frame="0" z_index="2" m_a="1.000000" m_b="0.000000" m_c="0.000000" m_d="1.000000" m_tx="0.000000" m_ty="0.000000"/>
   <element name="swap_item" layername="axe" frame="0" z_index="1" m_a="1.703333" m_b="0.000000" m_c="0.000000" m_d="1.703333" m_tx="1.000000" m_ty="-65.000000"/>
  </frame>
  <frame idx="2250" w="220" h="286" x="0.000000" y="-60.000000">
   <element name="image" layername="gem" frame="0" z_index="2" m_a="1.000000" m_b="0.000000" m_c="0.000000" m_d="1.000000" m_tx="0.000000" m_ty="0.000000"/>
   <element name="swap_item" layername="axe" frame="0" z_index="1" m_a="1.700000" m_b="0.000000" m_c="0.000000" m_d="1.700000" m_tx="1.000000" m_ty="-65.000000"/>
  </frame>
  <frame idx="2275" w="220" h="286" x="0.000000" y="-60.000000">
   <element name="image" layername="gem" frame="0" z_index="2" m_a="1.000000" m_b="0.000000" m_c="0.000000" m_d="1.000000" m_tx="0.000000" m_ty="0.000000"/>
   <element name="swap_item" layername="axe" frame="0" z_index="1" m_a="1.696667" m_b="0.000000" m_c="0.000000" m_d="1.696667" m_tx="1.000000" m_ty="-65.000000"/>
  </frame>
  <frame idx="2300" w="220" h="286" x="0.000000" y="-60.000000">
   <element name="image" layername="gem" frame="0" z_index="2" m_a="1.000000" m_b="0.000000" m_c="0.000000" m_d="1.000000" m_tx="0.000000" m_ty="0.000000"/>
   <element name="swap_item" layername="axe" frame="0" z_index="1" m_a="1.693333" m_b="0.000000" m_c="0.000000" m_d="1.693333" m_tx="1.000000" m_ty="-65.000000"/>
  </frame>
  <frame idx="2325" w="220" h="286" x="0.000000" y="-60.000000">
   <element name="image" layername="gem" frame="0" z_index="2" m_a="1.000000" m_b="0.000000" m_c="0.000000" m_d="1.000000" m_tx="0.000000" m_ty="0.000000"/>
   <element name="swap_item" layername="axe" frame="0" z_index="1" m_a="1.690000" m_b="0.000000" m_c="0.000000" m_d="1.690000" m_tx="1.000000" m_ty="-65.000000"/>
  </frame>
  <frame idx="2350" w="220" h="286" x="0.000000" y="-60.000000">
   <element name="image" layername="gem" frame="0" z_index="2" m_a="1.000000" m_b="0.000000" m_c="0.000000" m_d="1.000000" m_tx="0.000000" m_ty="0.000000"/>
   <element name="swap_item" layername="axe" frame="0" z_index="1" m_a="1.686667" m_b="0.000000" m_c="0.000000" m_d="1.686667" m_tx="1.000000" m_ty="-65.000000"/>
  </frame>
  <frame idx="2375" w="220" h="286" x="0.000000" y="-60.000000">
   <element name="image" layername="gem" frame="0" z_index="2" m_a="1.000000" m_b="0.000000" m_c="0.000000" m_d="1.000000" m_tx="0.000000" m_ty="0.000000"/>
   <element name="swap_item" layername="axe" frame="0" z_index="1" m_a="1.683333" m_b="0.000000" m_c="0.000000" m_d="1.683333" m_tx="1.000000" m_ty="-65.000000"/>
  </frame>
  <frame idx="2400" w="220" h="286" x="0.000000" y="-60.000000">
   <element name="image" layername="gem" frame="0" z_index="2" m_a="1.000000" m_b="0.000000" m_c="0.000000" m_d="1.000000" m_tx="0.000000" m_ty="0.000000"/>
   <element name="swap_item" layername="axe" frame="0" z_index="1" m_a="1.680000" m_b="0.000000" m_c="0.000000" m_d="1.680000" m_tx="1.000000" m_ty="-65.000000"/>
  </frame>
  <frame idx="2425" w="220" h="286" x="0.000000" y="-60.000000">
   <element name="image" layername="gem" frame="0" z_index="2" m_a="1.000000" m_b="0.000000" m_c="0.000000" m_d="1.000000" m_tx="0.000000" m_ty="0.000000"/>
   <element name="swap_item" layername="axe" frame="0" z_index="1" m_a="1.676667" m_b="0.000000" m_c="0.000000" m_d="1.676667" m_tx="1.000000" m_ty="-65.000000"/>
  </frame>
  <frame idx="2450" w="220" h="286" x="0.000000" y="-60.000000">
   <element name="image" layername="gem" frame="0" z_index="2" m_a="1.000000" m_b="0.000000" m_c="0.000000" m_d="1.000000" m_tx="0.000000" m_ty="0.000000"/>
   <element name="swap_item" layername="axe" frame="0" z_index="1" m_a="1.673333" m_b="0.000000" m_c="0.000000" m_d="1.673333" m_tx="1.000000" m_ty="-65.000000"/>
  </frame>
  <frame idx="2475" w="220" h="286" x="0.000000" y="-60.000000">
   <element name="image" layername="gem" frame="0" z_index="2" m_a="1.000000" m_b="0.000000" m_c="0.000000" m_d="1.000000" m_tx="0.000000" m_ty="0.000000"/>
   <element name="swap_item" layername="axe" frame="0" z_index="1" m_a="1.670000" m_b="0.000000" m_c="0.000000" m_d="1.670000" m_tx="1.000000" m_ty="-65.000000"/>
  </frame>
  <frame idx="2500" w="220" h="286" x="0.000000" y="-60.000000">
   <element name="image" layername="gem" frame="0" z_index="2" m_a="1.000000" m_b="0.000000" m_c="0.000000" m_d="1.000000" m_tx="0.000000" m_ty="0.000000"/>
   <element name="swap_item" layername="axe" frame="0" z_index="1" m_a="1.666667" m_b="0.000000" m_c="0.000000" m_d="1.666667" m_tx="1.000000" m_ty="-65.000000"/>
  </frame>
  <frame idx="2525" w="220" h="286" x="0.000000" y="-60.000000">
   <element name="image" layername="gem" frame="0" z_index="2" m_a="1.000000" m_b="0.000000" m_c="0.000000" m_d="1.000000" m_tx="0.000000" m_ty="0.000000"/>
   <element name="swap_item" layername="axe" frame="0" z_index="1" m_a="1.663333" m_b="0.000000" m_c="0.000000" m_d="1.663333" m_tx="1.000000" m_ty="-65.000000"/>
  </frame>
  <frame idx="2550" w="220" h="286" x="0.000000" y="-60.000000">
   <element name="image" layername="gem" frame="0" z_index="2" m_a="1.000000" m_b="0.000000" m_c="0.000000" m_d="1.000000" m_tx="0.000000" m_ty="0.000000"/>
   <element name="swap_item" layername="axe" frame="0" z_index="1" m_a="1.660000" m_b="0.000000" m_c="0.000000" m_d="1.660000" m_tx="1.000000" m_ty="-65.000000"/>
  </frame>
  <frame idx="2575" w="220" h="286" x="0.000000" y="-60.000000">
   <element name="image" layername="gem" frame="0" z_index="2" m_a="1.000000" m_b="0.000000" m_c="0.000000" m_d="1.000000" m_tx="0.000000" m_ty="0.000000"/>
   <element name="swap_item" layername="axe" frame="0" z_index="1" m_a="1.656667" m_b="0.000000" m_c="0.000000" m_d="1.656667" m_tx="1.000000" m_ty="-65.000000"/>
  </frame>
  <frame idx="2600" w="220" h="286" x="0.000000" y="-60.000000">
   <element name="image" layername="gem" frame="0" z_index="2" m_a="1.000000" m_b="0.000000" m_c="0.000000" m_d="1.000000" m_tx="0.000000" m_ty="0.000000"/>
   <element name="swap_item" layername="axe" frame="0" z_index="1" m_a="1.653333" m_b="0.000000" m_c="0.000000" m_d="1.653333" m_tx="1.000000" m_ty="-65.000000"/>
  </frame>
  <frame idx="2625" w="220" h="286" x="0.000000" y="-60.000000">
   <element name="image" layername="gem" frame="0" z_index="2" m_a="1.000000" m_b="0.000000" m_c="0.000000" m_d="1.000000" m_tx="0.000000" m_ty="0.000000"/>
   <element name="swap_item" layername="axe" frame="0" z_index="1" m_a="1.650000" m_b="0.000000" m_c="0.000000" m_d="1.650000" m_tx="1.000000" m_ty="-65.000000"/>
  </frame>
  <frame idx="2650" w="220" h="286" x="0.000000" y="-60.000000">
   <element name="image" layername="gem" frame="0" z_index="2" m_a="1.000000" m_b="0.000000" m_c="0.000000" m_d="1.000000" m_tx="0.000000" m_ty="0.000000"/>
   <element name="swap_item" layername="axe" frame="0" z_index="1" m_a="1.646667" m_b="0.000000" m_c="0.000000" m_d="1.646667" m_tx="1.000000" m_ty="-65.000000"/>
  </frame>
  <frame idx="2675" w="220" h="286" x="0.000000" y="-60.000000">
   <element name="image" layername="gem" frame="0" z_index="2" m_a="1.000000" m_b="0.000000" m_c="0.000000" m_d="1.000000" m_tx="0.000000" m_ty="0.000000"/>
   <element name="swap_item" layername="axe" frame="0" z_index="1" m_a="1.643333" m_b="0.000000" m_c="0.000000" m_d="1.643333" m_tx="1.000000" m_ty="-65.000000"/>
  </frame>
  <frame idx="2700" w="220" h="286" x="0.000000" y="-60.000000">
   <element name="image" layername="gem" frame="0" z_index="2" m_a="1.000000" m_b="0.000000" m_c="0.000000" m_d="1.000000" m_tx="0.000000" m_ty="0.000000"/>
   <element name="swap_item" layername="axe" frame="0" z_index="1" m_a="1.640000" m_b="0.000000" m_c="0.000000" m_d="1.640000" m_tx="1.000000" m_ty="-65.000000"/>
  </frame>
  <frame idx="2725" w="220" h="286" x="0.000000" y="-60.000000">
   <element name="image" layername="gem" frame="0" z_index="2" m_a="1.000000" m_b="0.000000" m_c="0.000000" m_d="1.000000" m_tx="0.000000" m_ty="0.000000"/>
   <element name="swap_item" layername="axe" frame="0" z_index="1" m_a="1.636667" m_b="0.000000" m_c="0.000000" m_d="1.636667" m_tx="1.000000" m_ty="-65.000000"/>
  </frame>
  <frame idx="2750" w="220" h="286" x="0.000000" y="-60.000000">
   <element name="image" layername="gem" frame="0" z_index="2" m_a="1.000000" m_b="0.000000" m_c="0.000000" m_d="1.000000" m_tx="0.000000" m_ty="0.000000"/>
   <element name="swap_item" layername="axe" frame="0" z_index="1" m_a="1.633333" m_b="0.000000" m_c="0.000000" m_d="1.633333" m_tx="1.000000" m_ty="-65.000000"/>
  </frame>
  <frame idx="2775" w="220" h="286" x="0.000000" y="-60.000000">
   <element name="image" layername="gem" frame="0" z_index="2" m_a="1.000000" m_b="0.000000" m_c="0.000000" m_d="1.000000" m_tx="0.000000" m_ty="0.000000"/>
   <element name="swap_item" layername="axe" frame="0" z_index="1" m_a="1.630000" m_b="0.000000" m_c="0.000000" m_d="1.630000" m_tx="1.000000" m_ty="-65.000000"/>
  </frame>
  <frame idx="2800" w="220" h="286" x="0.000000" y="-60.000000">
   <element name="image" layername="gem" frame="0" z_index="2" m_a="1.000000" m_b="0.000000" m_c="0.000000" m_d="1.000000" m_tx="0.000000" m_ty="0.000000"/>
   <element name="swap_item" layername="axe" frame="0" z_index="1" m_a="1.626667" m_b="0.000000" m_c="0.000000" m_d="1.626667" m_tx="1.000000" m_ty="-65.000000"/>
  </frame>
  <frame idx="2825" w="220" h="286" x="0.000000" y="-60.000000">
   <element name="image" layername="gem" frame="0" z_index="2" m_a="1.000000" m_b="0.000000" m_c="0.000000" m_d="1.000000" m_tx="0.000000" m_ty="0.000000"/>
   <element name="swap_item" layername="axe" frame="0" z_index="1" m_a="1.623333" m_b="0.000000" m_c="0.000000" m_d="1.623333" m_tx="1.000000" m_ty="-65.000000"/>
  </frame>
  <frame idx="2850" w="220" h="286" x="0.000000" y="-60.000000">
   <element name="image" layername="gem" frame="0" z_index="2" m_a="1.000000" m_b="0.000000" m_c="0.000000" m_d="1.000000" m_tx="0.000000" m_ty="0.000000"/>
   <element name="swap_item" layername="axe" frame="0" z_index="1" m_a="1.620000" m_b="0.000000" m_c="0.000000" m_d="1.620000" m_tx="1.000000" m_ty="-65.000000"/>
  </frame>
  <frame idx="2875" w="220" h="286" x="0.000000" y="-60.000000">
   <element name="image" layername="gem" frame="0" z_index="2" m_a="1.000000" m_b="0.000000" m_c="0.000000" m_d="1.000000" m_tx="0.000000" m_ty="0.000000"/>
   <element name="swap_item" layername="axe" frame="0" z_index="1" m_a="1.616667" m_b="0.000000" m_c="0.000000" m_d="1.616667" m_tx="1.000000" m_ty="-65.000000"/>
  </frame>
  <frame idx="2900" w="220" h="286" x="0.000000" y="-60.000000">
   <element name="image" layername="gem" frame="0" z_index="2" m_a="1.000000" m_b="0.000000" m_c="0.000000" m_d="1.000000" m_tx="0.000000" m_ty="0.000000"/>
   <element name="swap_item" layername="axe" frame="0" z_index="1" m_a="1.613333" m_b="0.000000" m_c="0.000000" m_d="1.613333" m_tx="1.000000" m_ty="-65.000000"/>
  </frame>
  <frame idx="2925" w="220" h="286" x="0.000000" y="-60.000000">
   <element name="image" layername="gem" frame="0" z_index="2" m_a="1.000000" m_b="0.000000" m_c="0.000000" m_d="1.000000" m_tx="0.000000" m_ty="0.000000"/>
   <element name="swap_item" layername="axe" frame="0" z_index="1" m_a="1.610000" m_b="0.000000" m_c="0.000000" m_d="1.610000" m_tx="1.000000" m_ty="-65.000000"/>
  </frame>
  <frame idx="2950" w="220" h="286" x="0.000000" y="-60.000000">
   <element name="image" layername="gem" frame="0" z_index="2" m_a="1.000000" m_b="0.000000" m_c="0.000000" m_d="1.000000" m_tx="0.000000" m_ty="0.000000"/>
   <element name="swap_item" layername="axe" frame="0" z_index="1" m_a="1.606667" m_b="0.000000" m_c="0.000000" m_d="1.606667" m_tx="1.000000" m_ty="-65.000000"/>
  </frame>
  <frame idx="2975" w="220" h="286" x="0.000000" y="-60.000000">
   <element name="image" layername="gem" frame="0" z_index="2" m_a="1.000000" m_b="0.000000" m_c="0.000000" m_d="1.000000" m_tx="0.000000" m_ty="0.000000"/>
   <element name="swap_item" layername="axe" frame="0" z_index="1" m_a="1.603333" m_b="0.000000" m_c="0.000000" m_d="1.603333" m_tx="1.000000" m_ty="-65.000000"/>
  </frame>
 </anim>
</Anims>
