<Anims>
 <anim name="idle" root="ugpotions" numframes="4000" framerate="40">
  <frame idx="0" w="129" h="258" x="0.000000" y="-54.000000">
   <element name="images" layername="bottl" frame="0" z_index="1" m_a="1.000000" m_b="0.000000" m_c="0.000000" m_d="1.000000" m_tx="0.000000" m_ty="0.000000"/>
   <element name="swap_item" layername="sanity" frame="0" z_index="2" m_a="1.000000" m_b="0.000000" m_c="0.000000" m_d="1.000000" m_tx="0.000000" m_ty="-15.000000"/>
  </frame>
  <frame idx="25" w="129" h="258" x="0.000000" y="-54.000000">
   <element name="images" layername="bottl" frame="0" z_index="1" m_a="1.000000" m_b="0.000000" m_c="0.000000" m_d="1.000000" m_tx="0.000000" m_ty="0.000000"/>
   <element name="swap_item" layername="sanity" frame="0" z_index="2" m_a="0.999229" m_b="-0.039260" m_c="0.039260" m_d="0.999229" m_tx="0.000000" m_ty="-15.000000"/>
  </frame>
  <frame idx="50" w="129" h="258" x="0.000000" y="-54.000000">
   <element name="images" layername="bottl" frame="0" z_index="1" m_a="1.000000" m_b="0.000000" m_c="0.000000" m_d="1.000000" m_tx="0.000000" m_ty="0.000000"/>
   <element name="swap_item" layername="sanity" frame="0" z_index="2" m_a="0.996917" m_b="-0.078459" m_c="0.078459" m_d="0.996917" m_tx="0.000000" m_ty="-15.000000"/>
  </frame>
  <frame idx="75" w="129" h="258" x="0.000000" y="-54.000000">
   <element name="images" layername="bottl" frame="0" z_index="1" m_a="1.000000" m_b="0.000000" m_c="0.000000" m_d="1.000000" m_tx="0.000000" m_ty="0.000000"/>
   <element name="swap_item" layername="sanity" frame="0" z_index="2" m_a="0.993068" m_b="-0.117537" m_c="0.117537" m_d="0.993068" m_tx="0.000000" m_ty="-15.000000"/>
  </frame>
  <frame idx="100" w="129" h="258" x="0.000000" y="-54.000000">
   <element name="images" layername="bottl" frame="0" z_index="1" m_a="1.000000" m_b="0.000000" m_c="0.000000" m_d="1.000000" m_tx="0.000000" m_ty="0.000000"/>
   <element name="swap_item" layername="sanity" frame="0" z_index="2" m_a="0.987688" m_b="-0.156434" m_c="0.156434" m_d="0.987688" m_tx="0.000000" m_ty="-15.000000"/>
  </frame>
  <frame idx="125" w="129" h="258" x="0.000000" y="-54.000000">
   <element name="images" layername="bottl" frame="0" z_index="1" m_a="1.000000" m_b="0.000000" m_c="0.000000" m_d="1.000000" m_tx="0.000000" m_ty="0.000000"/>
   <element name="swap_item" layername="sanity" frame="0" z_index="2" m_a="0.980785" m_b="-0.195090" m_c="0.195090" m_d="0.980785" m_tx="0.000000" m_ty="-15.000000"/>
  </frame>
  <frame idx="150" w="129" h="258" x="0.000000" y="-54.000000">
   <element name="images" layername="bottl" frame="0" z_index="1" m_a="1.000000" m_b="0.000000" m_c="0.000000" m_d="1.000000" m_tx="0.000000" m_ty="0.000000"/>
   <element name="swap_item" layername="sanity" frame="0" z_index="2" m_a="0.972370" m_b="-0.233445" m_c="0.233445" m_d="0.972370" m_tx="0.000000" m_ty="-15.000000"/>
  </frame>
  <frame idx="175" w="129" h="258" x="0.000000" y="-54.000000">
   <element name="images" layername="bottl" frame="0" z_index="1" m_a="1.000000" m_b="0.000000" m_c="0.000000" m_d="1.000000" m_tx="0.000000" m_ty="0.000000"/>
   <element name="swap_item" layername="sanity" frame="0" z_index="2" m_a="0.962455" m_b="-0.271440" m_c="0.271440" m_d="0.962455" m_tx="0.000000" m_ty="-15.000000"/>
  </frame>
  <frame idx="200" w="129" h="258" x="0.000000" y="-54.000000">
   <element name="images" layername="bottl" frame="0" z_index="1" m_a="1.000000" m_b="0.000000" m_c="0.000000" m_d="1.000000" m_tx="0.000000" m_ty="0.000000"/>
   <element name="swap_item" layername="sanity" frame="0" z_index="2" m_a="0.951057" m_b="-0.309017" m_c="0.309017" m_d="0.951057" m_tx="0.000000" m_ty="-15.000000"/>
  </frame>
  <frame idx="225" w="129" h="258" x="0.000000" y="-54.000000">
   <element name="images" layername="bottl" frame="0" z_index="1" m_a="1.000000" m_b="0.000000" m_c="0.000000" m_d="1.000000" m_tx="0.000000" m_ty="0.000000"/>
   <element name="swap_item" layername="sanity" frame="0" z_index="2" m_a="0.938191" m_b="-0.346117" m_c="0.346117" m_d="0.938191" m_tx="0.000000" m_ty="-15.000000"/>
  </frame>
  <frame idx="250" w="129" h="258" x="0.000000" y="-54.000000">
   <element name="images" layername="bottl" frame="0" z_index="1" m_a="1.000000" m_b="0.000000" m_c="0.000000" m_d="1.000000" m_tx="0.000000" m_ty="0.000000"/>
   <element name="swap_item" layername="sanity" frame="0" z_index="2" m_a="0.923880" m_b="-0.382683" m_c="0.382683" m_d="0.923880" m_tx="0.000000" m_ty="-15.000000"/>
  </frame>
  <frame idx="275" w="129" h="258" x="0.000000" y="-54.000000">
   <element name="images" layername="bottl" frame="0" z_index="1" m_a="1.000000" m_b="0.000000" m_c="0.000000" m_d="1.000000" m_tx="0.000000" m_ty="0.000000"/>
   <element name="swap_item" layername="sanity" frame="0" z_index="2" m_a="0.908143" m_b="-0.418660" m_c="0.418660" m_d="0.908143" m_tx="0.000000" m_ty="-15.000000"/>
  </frame>
  <frame idx="300" w="129" h="258" x="0.000000" y="-54.000000">
   <element name="images" layername="bottl" frame="0" z_index="1" m_a="1.000000" m_b="0.000000" m_c="0.000000" m_d="1.000000" m_tx="0.000000" m_ty="0.000000"/>
   <element name="swap_item" layername="sanity" frame="0" z_index="2" m_a="0.891006" m_b="-0.453991" m_c="0.453991" m_d="0.891006" m_tx="0.000000" m_ty="-15.000000"/>
  </frame>
  <frame idx="325" w="129" h="258" x="0.000000" y="-54.000000">
   <element name="images" layername="bottl" frame="0" z_index="1" m_a="1.000000" m_b="0.000000" m_c="0.000000" m_d="1.000000" m_tx="0.000000" m_ty="0.000000"/>
   <element name="swap_item" layername="sanity" frame="0" z_index="2" m_a="0.872496" m_b="-0.488621" m_c="0.488621" m_d="0.872496" m_tx="0.000000" m_ty="-15.000000"/>
  </frame>
  <frame idx="350" w="129" h="258" x="0.000000" y="-54.000000">
   <element name="images" layername="bottl" frame="0" z_index="1" m_a="1.000000" m_b="0.000000" m_c="0.000000" m_d="1.000000" m_tx="0.000000" m_ty="0.000000"/>
   <element name="swap_item" layername="sanity" frame="0" z_index="2" m_a="0.852640" m_b="-0.522499" m_c="0.522499" m_d="0.852640" m_tx="0.000000" m_ty="-15.000000"/>
  </frame>
  <frame idx="375" w="129" h="258" x="0.000000" y="-54.000000">
   <element name="images" layername="bottl" frame="0" z_index="1" m_a="1.000000" m_b="0.000000" m_c="0.000000" m_d="1.000000" m_tx="0.000000" m_ty="0.000000"/>
   <element name="swap_item" layername="sanity" frame="0" z_index="2" m_a="0.831470" m_b="-0.555570" m_c="0.555570" m_d="0.831470" m_tx="0.000000" m_ty="-15.000000"/>
  </frame>
  <frame idx="400" w="129" h="258" x="0.000000" y="-54.000000">
   <element name="images" layername="bottl" frame="0" z_index="1" m_a="1.000000" m_b="0.000000" m_c="0.000000" m_d="1.000000" m_tx="0.000000" m_ty="0.000000"/>
   <element name="swap_item" layername="sanity" frame="0" z_index="2" m_a="0.809017" m_b="-0.587785" m_c="0.587785" m_d="0.809017" m_tx="0.000000" m_ty="-15.000000"/>
  </frame>
  <frame idx="425" w="129" h="258" x="0.000000" y="-54.000000">
   <element name="images" layername="bottl" frame="0" z_index="1" m_a="1.000000" m_b="0.000000" m_c="0.000000" m_d="1.000000" m_tx="0.000000" m_ty="0.000000"/>
   <element name="swap_item" layername="sanity" frame="0" z_index="2" m_a="0.785317" m_b="-0.619094" m_c="0.619094" m_d="0.785317" m_tx="0.000000" m_ty="-15.000000"/>
  </frame>
  <frame idx="450" w="129" h="258" x="0.000000" y="-54.000000">
   <element name="images" layername="bottl" frame="0" z_index="1" m_a="1.000000" m_b="0.000000" m_c="0.000000" m_d="1.000000" m_tx="0.000000" m_ty="0.000000"/>
   <element name="swap_item" layername="sanity" frame="0" z_index="2" m_a="0.760406" m_b="-0.649448" m_c="0.649448" m_d="0.760406" m_tx="0.000000" m_ty="-15.000000"/>
  </frame>
  <frame idx="475" w="129" h="258" x="0.000000" y="-54.000000">
   <element name="images" layername="bottl" frame="0" z_index="1" m_a="1.000000" m_b="0.000000" m_c="0.000000" m_d="1.000000" m_tx="0.000000" m_ty="0.000000"/>
   <element name="swap_item" layername="sanity" frame="0" z_index="2" m_a="0.734322" m_b="-0.678801" m_c="0.678801" m_d="0.734322" m_tx="0.000000" m_ty="-15.000000"/>
  </frame>
  <frame idx="500" w="130" h="258" x="0.004833" y="-54.000000">
   <element name="images" layername="bottl" frame="0" z_index="1" m_a="1.000000" m_b="0.000000" m_c="0.000000" m_d="1.000000" m_tx="0.000000" m_ty="0.000000"/>
   <element name="swap_item" layername="sanity" frame="0" z_index="2" m_a="0.707107" m_b="-0.707107" m_c="0.707107" m_d="0.707107" m_tx="0.000000" m_ty="-15.000000"/>
  </frame>
  <frame idx="525" w="129" h="258" x="0.000000" y="-54.000000">
   <element name="images" layername="bottl" frame="0" z_index="1" m_a="1.000000" m_b="0.000000" m_c="0.000000" m_d="1.000000" m_tx="0.000000" m_ty="0.000000"/>
   <element name="swap_item" layername="sanity" frame="0" z_index="2" m_a="0.678801" m_b="-0.734322" m_c="0.734322" m_d="0.678801" m_tx="0.000000" m_ty="-15.000000"/>
  </frame>
  <frame idx="550" w="129" h="258" x="0.000000" y="-54.000000">
   <element name="images" layername="bottl" frame="0" z_index="1" m_a="1.000000" m_b="0.000000" m_c="0.000000" m_d="1.000000" m_tx="0.000000" m_ty="0.000000"/>
   <element name="swap_item" layername="sanity" frame="0" z_index="2" m_a="0.649448" m_b="-0.760406" m_c="0.760406" m_d="0.649448" m_tx="0.000000" m_ty="-15.000000"/>
  </frame>
  <frame idx="575" w="129" h="258" x="0.000000" y="-54.000000">
   <element name="images" layername="bottl" frame="0" z_index="1" m_a="1.000000" m_b="0.000000" m_c="0.000000" m_d="1.000000" m_tx="0.000000" m_ty="0.000000"/>
   <element name="swap_item" layername="sanity" frame="0" z_index="2" m_a="0.619094" m_b="-0.785317" m_c="0.785317" m_d="0.619094" m_tx="0.000000" m_ty="-15.000000"/>
  </frame>
  <frame idx="600" w="129" h="258" x="0.000000" y="-54.000000">
   <element name="images" layername="bottl" frame="0" z_index="1" m_a="1.000000" m_b="0.000000" m_c="0.000000" m_d="1.000000" m_tx="0.000000" m_ty="0.000000"/>
   <element name="swap_item" layername="sanity" frame="0" z_index="2" m_a="0.587785" m_b="-0.809017" m_c="0.809017" m_d="0.587785" m_tx="0.000000" m_ty="-15.000000"/>
  </frame>
  <frame idx="625" w="129" h="258" x="0.000000" y="-54.000000">
   <element name="images" layername="bottl" frame="0" z_index="1" m_a="1.000000" m_b="0.000000" m_c="0.000000" m_d="1.000000" m_tx="0.000000" m_ty="0.000000"/>
   <element name="swap_item" layername="sanity" frame="0" z_index="2" m_a="0.555570" m_b="-0.831470" m_c="0.831470" m_d="0.555570" m_tx="0.000000" m_ty="-15.000000"/>
  </frame>
  <frame idx="650" w="129" h="258" x="0.000000" y="-54.000000">
   <element name="images" layername="bottl" frame="0" z_index="1" m_a="1.000000" m_b="0.000000" m_c="0.000000" m_d="1.000000" m_tx="0.000000" m_ty="0.000000"/>
   <element name="swap_item" layername="sanity" frame="0" z_index="2" m_a="0.522499" m_b="-0.852640" m_c="0.852640" m_d="0.522499" m_tx="0.000000" m_ty="-15.000000"/>
  </frame>
  <frame idx="675" w="129" h="258" x="0.000000" y="-54.000000">
   <element name="images" layername="bottl" frame="0" z_index="1" m_a="1.000000" m_b="0.000000" m_c="0.000000" m_d="1.000000" m_tx="0.000000" m_ty="0.000000"/>
   <element name="swap_item" layername="sanity" frame="0" z_index="2" m_a="0.488621" m_b="-0.872496" m_c="0.872496" m_d="0.488621" m_tx="0.000000" m_ty="-15.000000"/>
  </frame>
  <frame idx="700" w="129" h="258" x="0.000000" y="-54.000000">
   <element name="images" layername="bottl" frame="0" z_index="1" m_a="1.000000" m_b="0.000000" m_c="0.000000" m_d="1.000000" m_tx="0.000000" m_ty="0.000000"/>
   <element name="swap_item" layername="sanity" frame="0" z_index="2" m_a="0.453990" m_b="-0.891007" m_c="0.891007" m_d="0.453990" m_tx="0.000000" m_ty="-15.000000"/>
  </frame>
  <frame idx="725" w="129" h="258" x="0.000000" y="-54.000000">
   <element name="images" layername="bottl" frame="0" z_index="1" m_a="1.000000" m_b="0.000000" m_c="0.000000" m_d="1.000000" m_tx="0.000000" m_ty="0.000000"/>
   <element name="swap_item" layername="sanity" frame="0" z_index="2" m_a="0.418660" m_b="-0.908143" m_c="0.908143" m_d="0.418660" m_tx="0.000000" m_ty="-15.000000"/>
  </frame>
  <frame idx="750" w="129" h="258" x="0.000000" y="-54.000000">
   <element name="images" layername="bottl" frame="0" z_index="1" m_a="1.000000" m_b="0.000000" m_c="0.000000" m_d="1.000000" m_tx="0.000000" m_ty="0.000000"/>
   <element name="swap_item" layername="sanity" frame="0" z_index="2" m_a="0.382683" m_b="-0.923880" m_c="0.923880" m_d="0.382683" m_tx="0.000000" m_ty="-15.000000"/>
  </frame>
  <frame idx="775" w="129" h="258" x="0.000000" y="-54.000000">
   <element name="images" layername="bottl" frame="0" z_index="1" m_a="1.000000" m_b="0.000000" m_c="0.000000" m_d="1.000000" m_tx="0.000000" m_ty="0.000000"/>
   <element name="swap_item" layername="sanity" frame="0" z_index="2" m_a="0.346117" m_b="-0.938191" m_c="0.938191" m_d="0.346117" m_tx="0.000000" m_ty="-15.000000"/>
  </frame>
  <frame idx="800" w="129" h="258" x="0.000000" y="-54.000000">
   <element name="images" layername="bottl" frame="0" z_index="1" m_a="1.000000" m_b="0.000000" m_c="0.000000" m_d="1.000000" m_tx="0.000000" m_ty="0.000000"/>
   <element name="swap_item" layername="sanity" frame="0" z_index="2" m_a="0.309017" m_b="-0.951057" m_c="0.951057" m_d="0.309017" m_tx="0.000000" m_ty="-15.000000"/>
  </frame>
  <frame idx="825" w="129" h="258" x="0.000000" y="-54.000000">
   <element name="images" layername="bottl" frame="0" z_index="1" m_a="1.000000" m_b="0.000000" m_c="0.000000" m_d="1.000000" m_tx="0.000000" m_ty="0.000000"/>
   <element name="swap_item" layername="sanity" frame="0" z_index="2" m_a="0.271440" m_b="-0.962455" m_c="0.962455" m_d="0.271440" m_tx="0.000000" m_ty="-15.000000"/>
  </frame>
  <frame idx="850" w="129" h="258" x="0.000000" y="-54.000000">
   <element name="images" layername="bottl" frame="0" z_index="1" m_a="1.000000" m_b="0.000000" m_c="0.000000" m_d="1.000000" m_tx="0.000000" m_ty="0.000000"/>
   <element name="swap_item" layername="sanity" frame="0" z_index="2" m_a="0.233445" m_b="-0.972370" m_c="0.972370" m_d="0.233445" m_tx="0.000000" m_ty="-15.000000"/>
  </frame>
  <frame idx="875" w="129" h="258" x="0.000000" y="-54.000000">
   <element name="images" layername="bottl" frame="0" z_index="1" m_a="1.000000" m_b="0.000000" m_c="0.000000" m_d="1.000000" m_tx="0.000000" m_ty="0.000000"/>
   <element name="swap_item" layername="sanity" frame="0" z_index="2" m_a="0.195090" m_b="-0.980785" m_c="0.980785" m_d="0.195090" m_tx="0.000000" m_ty="-15.000000"/>
  </frame>
  <frame idx="900" w="129" h="258" x="0.000000" y="-54.000000">
   <element name="images" layername="bottl" frame="0" z_index="1" m_a="1.000000" m_b="0.000000" m_c="0.000000" m_d="1.000000" m_tx="0.000000" m_ty="0.000000"/>
   <element name="swap_item" layername="sanity" frame="0" z_index="2" m_a="0.156434" m_b="-0.987688" m_c="0.987688" m_d="0.156434" m_tx="0.000000" m_ty="-15.000000"/>
  </frame>
  <frame idx="925" w="129" h="258" x="0.000000" y="-54.000000">
   <element name="images" layername="bottl" frame="0" z_index="1" m_a="1.000000" m_b="0.000000" m_c="0.000000" m_d="1.000000" m_tx="0.000000" m_ty="0.000000"/>
   <element name="swap_item" layername="sanity" frame="0" z_index="2" m_a="0.117537" m_b="-0.993068" m_c="0.993068" m_d="0.117537" m_tx="0.000000" m_ty="-15.000000"/>
  </frame>
  <frame idx="950" w="129" h="258" x="0.000000" y="-54.000000">
   <element name="images" layername="bottl" frame="0" z_index="1" m_a="1.000000" m_b="0.000000" m_c="0.000000" m_d="1.000000" m_tx="0.000000" m_ty="0.000000"/>
   <element name="swap_item" layername="sanity" frame="0" z_index="2" m_a="0.078459" m_b="-0.996917" m_c="0.996917" m_d="0.078459" m_tx="0.000000" m_ty="-15.000000"/>
  </frame>
  <frame idx="975" w="129" h="258" x="0.000000" y="-54.000000">
   <element name="images" layername="bottl" frame="0" z_index="1" m_a="1.000000" m_b="0.000000" m_c="0.000000" m_d="1.000000" m_tx="0.000000" m_ty="0.000000"/>
   <element name="swap_item" layername="sanity" frame="0" z_index="2" m_a="0.039260" m_b="-0.999229" m_c="0.999229" m_d="0.039260" m_tx="0.000000" m_ty="-15.000000"/>
  </frame>
  <frame idx="1000" w="129" h="258" x="0.000000" y="-54.000000">
   <element name="images" layername="bottl" frame="0" z_index="1" m_a="1.000000" m_b="0.000000" m_c="0.000000" m_d="1.000000" m_tx="0.000000" m_ty="0.000000"/>
   <element name="swap_item" layername="sanity" frame="0" z_index="2" m_a="-0.000000" m_b="-1.000000" m_c="1.000000" m_d="-0.000000" m_tx="0.000000" m_ty="-15.000000"/>
  </frame>
  <frame idx="1025" w="129" h="258" x="0.000000" y="-54.000000">
   <element name="images" layername="bottl" frame="0" z_index="1" m_a="1.000000" m_b="0.000000" m_c="0.000000" m_d="1.000000" m_tx="0.000000" m_ty="0.000000"/>
   <element name="swap_item" layername="sanity" frame="0" z_index="2" m_a="-0.039260" m_b="-0.999229" m_c="0.999229" m_d="-0.039260" m_tx="0.000000" m_ty="-15.000000"/>
  </frame>
  <frame idx="1050" w="129" h="258" x="0.000000" y="-54.000000">
   <element name="images" layername="bottl" frame="0" z_index="1" m_a="1.000000" m_b="0.000000" m_c="0.000000" m_d="1.000000" m_tx="0.000000" m_ty="0.000000"/>
   <element name="swap_item" layername="sanity" frame="0" z_index="2" m_a="-0.078459" m_b="-0.996917" m_c="0.996917" m_d="-0.078459" m_tx="0.000000" m_ty="-15.000000"/>
  </frame>
  <frame idx="1075" w="129" h="258" x="0.000000" y="-54.000000">
   <element name="images" layername="bottl" frame="0" z_index="1" m_a="1.000000" m_b="0.000000" m_c="0.000000" m_d="1.000000" m_tx="0.000000" m_ty="0.000000"/>
   <element name="swap_item" layername="sanity" frame="0" z_index="2" m_a="-0.117537" m_b="-0.993068" m_c="0.993068" m_d="-0.117537" m_tx="0.000000" m_ty="-15.000000"/>
  </frame>
  <frame idx="1100" w="129" h="258" x="0.000000" y="-54.000000">
   <element name="images" layername="bottl" frame="0" z_index="1" m_a="1.000000" m_b="0.000000" m_c="0.000000" m_d="1.000000" m_tx="0.000000" m_ty="0.000000"/>
   <element name="swap_item" layername="sanity" frame="0" z_index="2" m_a="-0.156434" m_b="-0.987688" m_c="0.987688" m_d="-0.156434" m_tx="0.000000" m_ty="-15.000000"/>
  </frame>
  <frame idx="1125" w="129" h="258" x="0.000000" y="-54.000000">
   <element name="images" layername="bottl" frame="0" z_index="1" m_a="1.000000" m_b="0.000000" m_c="0.000000" m_d="1.000000" m_tx="0.000000" m_ty="0.000000"/>
   <element name="swap_item" layername="sanity" frame="0" z_index="2" m_a="-0.195090" m_b="-0.980785" m_c="0.980785" m_d="-0.195090" m_tx="0.000000" m_ty="-15.000000"/>
  </frame>
  <frame idx="1150" w="129" h="258" x="0.000000" y="-54.000000">
   <element name="images" layername="bottl" frame="0" z_index="1" m_a="1.000000" m_b="0.000000" m_c="0.000000" m_d="1.000000" m_tx="0.000000" m_ty="0.000000"/>
   <element name="swap_item" layername="sanity" frame="0" z_index="2" m_a="-0.233445" m_b="-0.972370" m_c="0.972370" m_d="-0.233445" m_tx="0.000000" m_ty="-15.000000"/>
  </frame>
  <frame idx="1175" w="129" h="258" x="0.000000" y="-54.000000">
   <element name="images" layername="bottl" frame="0" z_index="1" m_a="1.000000" m_b="0.000000" m_c="0.000000" m_d="1.000000" m_tx="0.000000" m_ty="0.000000"/>
   <element name="swap_item" layername="sanity" frame="0" z_index="2" m_a="-0.271440" m_b="-0.962455" m_c="0.962455" m_d="-0.271440" m_tx="0.000000" m_ty="-15.000000"/>
  </frame>
  <frame idx="1200" w="129" h="258" x="0.000000" y="-54.000000">
   <element name="images" layername="bottl" frame="0" z_index="1" m_a="1.000000" m_b="0.000000" m_c="0.000000" m_d="1.000000" m_tx="0.000000" m_ty="0.000000"/>
   <element name="swap_item" layername="sanity" frame="0" z_index="2" m_a="-0.309017" m_b="-0.951056" m_c="0.951056" m_d="-0.309017" m_tx="0.000000" m_ty="-15.000000"/>
  </frame>
  <frame idx="1225" w="129" h="258" x="0.000000" y="-54.000000">
   <element name="images" layername="bottl" frame="0" z_index="1" m_a="1.000000" m_b="0.000000" m_c="0.000000" m_d="1.000000" m_tx="0.000000" m_ty="0.000000"/>
   <element name="swap_item" layername="sanity" frame="0" z_index="2" m_a="-0.346117" m_b="-0.938191" m_c="0.938191" m_d="-0.346117" m_tx="0.000000" m_ty="-15.000000"/>
  </frame>
  <frame idx="1250" w="129" h="258" x="0.000000" y="-54.000000">
   <element name="images" layername="bottl" frame="0" z_index="1" m_a="1.000000" m_b="0.000000" m_c="0.000000" m_d="1.000000" m_tx="0.000000" m_ty="0.000000"/>
   <element name="swap_item" layername="sanity" frame="0" z_index="2" m_a="-0.382683" m_b="-0.923880" m_c="0.923880" m_d="-0.382683" m_tx="0.000000" m_ty="-15.000000"/>
  </frame>
  <frame idx="1275" w="130" h="258" x="-0.147114" y="-54.000000">
   <element name="images" layername="bottl" frame="0" z_index="1" m_a="1.000000" m_b="0.000000" m_c="0.000000" m_d="1.000000" m_tx="0.000000" m_ty="0.000000"/>
   <element name="swap_item" layername="sanity" frame="0" z_index="2" m_a="-0.418660" m_b="-0.908143" m_c="0.908143" m_d="-0.418660" m_tx="0.000000" m_ty="-15.000000"/>
  </frame>
  <frame idx="1300" w="134" h="258" x="-1.277699" y="-54.000000">
   <element name="images" layername="bottl" frame="0" z_index="1" m_a="1.000000" m_b="0.000000" m_c="0.000000" m_d="1.000000" m_tx="0.000000" m_ty="0.000000"/>
   <element name="swap_item" layername="sanity" frame="0" z_index="2" m_a="-0.453991" m_b="-0.891006" m_c="0.891006" m_d="-0.453991" m_tx="0.000000" m_ty="-15.000000"/>
  </frame>
  <frame idx="1325" w="138" h="258" x="-2.385883" y="-54.000000">
   <element name="images" layername="bottl" frame="0" z_index="1" m_a="1.000000" m_b="0.000000" m_c="0.000000" m_d="1.000000" m_tx="0.000000" m_ty="0.000000"/>
   <element name="swap_item" layername="sanity" frame="0" z_index="2" m_a="-0.488621" m_b="-0.872496" m_c="0.872496" m_d="-0.488621" m_tx="0.000000" m_ty="-15.000000"/>
  </frame>
  <frame idx="1350" w="141" h="258" x="-3.469955" y="-54.000000">
   <element name="images" layername="bottl" frame="0" z_index="1" m_a="1.000000" m_b="0.000000" m_c="0.000000" m_d="1.000000" m_tx="0.000000" m_ty="0.000000"/>
   <element name="swap_item" layername="sanity" frame="0" z_index="2" m_a="-0.522499" m_b="-0.852640" m_c="0.852640" m_d="-0.522499" m_tx="0.000000" m_ty="-15.000000"/>
  </frame>
  <frame idx="1375" w="145" h="258" x="-4.528244" y="-54.000000">
   <element name="images" layername="bottl" frame="0" z_index="1" m_a="1.000000" m_b="0.000000" m_c="0.000000" m_d="1.000000" m_tx="0.000000" m_ty="0.000000"/>
   <element name="swap_item" layername="sanity" frame="0" z_index="2" m_a="-0.555570" m_b="-0.831470" m_c="0.831470" m_d="-0.555570" m_tx="0.000000" m_ty="-15.000000"/>
  </frame>
  <frame idx="1400" w="148" h="258" x="-5.559135" y="-54.000000">
   <element name="images" layername="bottl" frame="0" z_index="1" m_a="1.000000" m_b="0.000000" m_c="0.000000" m_d="1.000000" m_tx="0.000000" m_ty="0.000000"/>
   <element name="swap_item" layername="sanity" frame="0" z_index="2" m_a="-0.587785" m_b="-0.809017" m_c="0.809017" m_d="-0.587785" m_tx="0.000000" m_ty="-15.000000"/>
  </frame>
  <frame idx="1425" w="151" h="258" x="-6.561005" y="-54.000000">
   <element name="images" layername="bottl" frame="0" z_index="1" m_a="1.000000" m_b="0.000000" m_c="0.000000" m_d="1.000000" m_tx="0.000000" m_ty="0.000000"/>
   <element name="swap_item" layername="sanity" frame="0" z_index="2" m_a="-0.619094" m_b="-0.785317" m_c="0.785317" m_d="-0.619094" m_tx="0.000000" m_ty="-15.000000"/>
  </frame>
  <frame idx="1450" w="154" h="258" x="-7.532341" y="-54.000000">
   <element name="images" layername="bottl" frame="0" z_index="1" m_a="1.000000" m_b="0.000000" m_c="0.000000" m_d="1.000000" m_tx="0.000000" m_ty="0.000000"/>
   <element name="swap_item" layername="sanity" frame="0" z_index="2" m_a="-0.649448" m_b="-0.760406" m_c="0.760406" m_d="-0.649448" m_tx="0.000000" m_ty="-15.000000"/>
  </frame>
  <frame idx="1475" w="158" h="258" x="-8.471626" y="-54.000000">
   <element name="images" layername="bottl" frame="0" z_index="1" m_a="1.000000" m_b="0.000000" m_c="0.000000" m_d="1.000000" m_tx="0.000000" m_ty="0.000000"/>
   <element name="swap_item" layername="sanity" frame="0" z_index="2" m_a="-0.678801" m_b="-0.734322" m_c="0.734322" m_d="-0.678801" m_tx="0.000000" m_ty="-15.000000"/>
  </frame>
  <frame idx="1500" w="161" h="258" x="-9.377419" y="-54.000000">
   <element name="images" layername="bottl" frame="0" z_index="1" m_a="1.000000" m_b="0.000000" m_c="0.000000" m_d="1.000000" m_tx="0.000000" m_ty="0.000000"/>
   <element name="swap_item" layername="sanity" frame="0" z_index="2" m_a="-0.707107" m_b="-0.707107" m_c="0.707107" m_d="-0.707107" m_tx="0.000000" m_ty="-15.000000"/>
  </frame>
  <frame idx="1525" w="163" h="258" x="-10.248322" y="-54.000000">
   <element name="images" layername="bottl" frame="0" z_index="1" m_a="1.000000" m_b="0.000000" m_c="0.000000" m_d="1.000000" m_tx="0.000000" m_ty="0.000000"/>
   <element name="swap_item" layername="sanity" frame="0" z_index="2" m_a="-0.734323" m_b="-0.678801" m_c="0.678801" m_d="-0.734323" m_tx="0.000000" m_ty="-15.000000"/>
  </frame>
  <frame idx="1550" w="167" h="258" x="-11.082993" y="-54.000000">
   <element name="images" layername="bottl" frame="0" z_index="1" m_a="1.000000" m_b="0.000000" m_c="0.000000" m_d="1.000000" m_tx="0.000000" m_ty="0.000000"/>
   <element name="swap_item" layername="sanity" frame="0" z_index="2" m_a="-0.760406" m_b="-0.649448" m_c="0.649448" m_d="-0.760406" m_tx="0.000000" m_ty="-15.000000"/>
  </frame>
  <frame idx="1575" w="169" h="258" x="-11.880142" y="-54.000000">
   <element name="images" layername="bottl" frame="0" z_index="1" m_a="1.000000" m_b="0.000000" m_c="0.000000" m_d="1.000000" m_tx="0.000000" m_ty="0.000000"/>
   <element name="swap_item" layername="sanity" frame="0" z_index="2" m_a="-0.785317" m_b="-0.619094" m_c="0.619094" m_d="-0.785317" m_tx="0.000000" m_ty="-15.000000"/>
  </frame>
  <frame idx="1600" w="171" h="258" x="-12.638542" y="-54.000000">
   <element name="images" layername="bottl" frame="0" z_index="1" m_a="1.000000" m_b="0.000000" m_c="0.000000" m_d="1.000000" m_tx="0.000000" m_ty="0.000000"/>
   <element name="swap_item" layername="sanity" frame="0" z_index="2" m_a="-0.809017" m_b="-0.587785" m_c="0.587785" m_d="-0.809017" m_tx="0.000000" m_ty="-15.000000"/>
  </frame>
  <frame idx="1625" w="174" h="258" x="-13.357033" y="-54.000000">
   <element name="images" layername="bottl" frame="0" z_index="1" m_a="1.000000" m_b="0.000000" m_c="0.000000" m_d="1.000000" m_tx="0.000000" m_ty="0.000000"/>
   <element name="swap_item" layername="sanity" frame="0" z_index="2" m_a="-0.831470" m_b="-0.555570" m_c="0.555570" m_d="-0.831470" m_tx="0.000000" m_ty="-15.000000"/>
  </frame>
  <frame idx="1650" w="176" h="258" x="-14.034485" y="-54.000000">
   <element name="images" layername="bottl" frame="0" z_index="1" m_a="1.000000" m_b="0.000000" m_c="0.000000" m_d="1.000000" m_tx="0.000000" m_ty="0.000000"/>
   <element name="swap_item" layername="sanity" frame="0" z_index="2" m_a="-0.852640" m_b="-0.522498" m_c="0.522498" m_d="-0.852640" m_tx="0.000000" m_ty="-15.000000"/>
  </frame>
  <frame idx="1675" w="179" h="258" x="-14.669876" y="-54.000000">
   <element name="images" layername="bottl" frame="0" z_index="1" m_a="1.000000" m_b="0.000000" m_c="0.000000" m_d="1.000000" m_tx="0.000000" m_ty="0.000000"/>
   <element name="swap_item" layername="sanity" frame="0" z_index="2" m_a="-0.872496" m_b="-0.488621" m_c="0.488621" m_d="-0.872496" m_tx="0.000000" m_ty="-15.000000"/>
  </frame>
  <frame idx="1700" w="180" h="258" x="-15.262215" y="-54.000000">
   <element name="images" layername="bottl" frame="0" z_index="1" m_a="1.000000" m_b="0.000000" m_c="0.000000" m_d="1.000000" m_tx="0.000000" m_ty="0.000000"/>
   <element name="swap_item" layername="sanity" frame="0" z_index="2" m_a="-0.891007" m_b="-0.453990" m_c="0.453990" m_d="-0.891007" m_tx="0.000000" m_ty="-15.000000"/>
  </frame>
  <frame idx="1725" w="182" h="258" x="-15.810585" y="-54.000000">
   <element name="images" layername="bottl" frame="0" z_index="1" m_a="1.000000" m_b="0.000000" m_c="0.000000" m_d="1.000000" m_tx="0.000000" m_ty="0.000000"/>
   <element name="swap_item" layername="sanity" frame="0" z_index="2" m_a="-0.908143" m_b="-0.418660" m_c="0.418660" m_d="-0.908143" m_tx="0.000000" m_ty="-15.000000"/>
  </frame>
  <frame idx="1750" w="183" h="258" x="-16.314140" y="-54.000000">
   <element name="images" layername="bottl" frame="0" z_index="1" m_a="1.000000" m_b="0.000000" m_c="0.000000" m_d="1.000000" m_tx="0.000000" m_ty="0.000000"/>
   <element name="swap_item" layername="sanity" frame="0" z_index="2" m_a="-0.923880" m_b="-0.382683" m_c="0.382683" m_d="-0.923880" m_tx="0.000000" m_ty="-15.000000"/>
  </frame>
  <frame idx="1775" w="185" h="258" x="-16.772125" y="-54.000000">
   <element name="images" layername="bottl" frame="0" z_index="1" m_a="1.000000" m_b="0.000000" m_c="0.000000" m_d="1.000000" m_tx="0.000000" m_ty="0.000000"/>
   <element name="swap_item" layername="sanity" frame="0" z_index="2" m_a="-0.938191" m_b="-0.346117" m_c="0.346117" m_d="-0.938191" m_tx="0.000000" m_ty="-15.000000"/>
  </frame>
  <frame idx="1800" w="186" h="258" x="-17.183807" y="-54.000000">
   <element name="images" layername="bottl" frame="0" z_index="1" m_a="1.000000" m_b="0.000000" m_c="0.000000" m_d="1.000000" m_tx="0.000000" m_ty="0.000000"/>
   <element name="swap_item" layername="sanity" frame="0" z_index="2" m_a="-0.951056" m_b="-0.309017" m_c="0.309017" m_d="-0.951056" m_tx="0.000000" m_ty="-15.000000"/>
  </frame>
  <frame idx="1825" w="187" h="258" x="-17.548569" y="-54.000000">
   <element name="images" layername="bottl" frame="0" z_index="1" m_a="1.000000" m_b="0.000000" m_c="0.000000" m_d="1.000000" m_tx="0.000000" m_ty="0.000000"/>
   <element name="swap_item" layername="sanity" frame="0" z_index="2" m_a="-0.962455" m_b="-0.271440" m_c="0.271440" m_d="-0.962455" m_tx="0.000000" m_ty="-15.000000"/>
  </frame>
  <frame idx="1850" w="189" h="258" x="-17.865837" y="-54.000000">
   <element name="images" layername="bottl" frame="0" z_index="1" m_a="1.000000" m_b="0.000000" m_c="0.000000" m_d="1.000000" m_tx="0.000000" m_ty="0.000000"/>
   <element name="swap_item" layername="sanity" frame="0" z_index="2" m_a="-0.972370" m_b="-0.233445" m_c="0.233445" m_d="-0.972370" m_tx="0.000000" m_ty="-15.000000"/>
  </frame>
  <frame idx="1875" w="190" h="258" x="-18.135132" y="-54.000000">
   <element name="images" layername="bottl" frame="0" z_index="1" m_a="1.000000" m_b="0.000000" m_c="0.000000" m_d="1.000000" m_tx="0.000000" m_ty="0.000000"/>
   <element name="swap_item" layername="sanity" frame="0" z_index="2" m_a="-0.980785" m_b="-0.195090" m_c="0.195090" m_d="-0.980785" m_tx="0.000000" m_ty="-15.000000"/>
  </frame>
  <frame idx="1900" w="191" h="258" x="-18.356026" y="-54.000000">
   <element name="images" layername="bottl" frame="0" z_index="1" m_a="1.000000" m_b="0.000000" m_c="0.000000" m_d="1.000000" m_tx="0.000000" m_ty="0.000000"/>
   <element name="swap_item" layername="sanity" frame="0" z_index="2" m_a="-0.987688" m_b="-0.156434" m_c="0.156434" m_d="-0.987688" m_tx="0.000000" m_ty="-15.000000"/>
  </frame>
  <frame idx="1925" w="191" h="258" x="-18.528191" y="-54.000000">
   <element name="images" layername="bottl" frame="0" z_index="1" m_a="1.000000" m_b="0.000000" m_c="0.000000" m_d="1.000000" m_tx="0.000000" m_ty="0.000000"/>
   <element name="swap_item" layername="sanity" frame="0" z_index="2" m_a="-0.993068" m_b="-0.117537" m_c="0.117537" m_d="-0.993068" m_tx="0.000000" m_ty="-15.000000"/>
  </frame>
  <frame idx="1950" w="191" h="258" x="-18.651360" y="-54.000000">
   <element name="images" layername="bottl" frame="0" z_index="1" m_a="1.000000" m_b="0.000000" m_c="0.000000" m_d="1.000000" m_tx="0.000000" m_ty="0.000000"/>
   <element name="swap_item" layername="sanity" frame="0" z_index="2" m_a="-0.996917" m_b="-0.078459" m_c="0.078459" m_d="-0.996917" m_tx="0.000000" m_ty="-15.000000"/>
  </frame>
  <frame idx="1975" w="192" h="258" x="-18.725327" y="-54.000000">
   <element name="images" layername="bottl" frame="0" z_index="1" m_a="1.000000" m_b="0.000000" m_c="0.000000" m_d="1.000000" m_tx="0.000000" m_ty="0.000000"/>
   <element name="swap_item" layername="sanity" frame="0" z_index="2" m_a="-0.999229" m_b="-0.039260" m_c="0.039260" m_d="-0.999229" m_tx="0.000000" m_ty="-15.000000"/>
  </frame>
  <frame idx="2000" w="192" h="258" x="-18.750008" y="-54.000000">
   <element name="images" layername="bottl" frame="0" z_index="1" m_a="1.000000" m_b="0.000000" m_c="0.000000" m_d="1.000000" m_tx="0.000000" m_ty="0.000000"/>
   <element name="swap_item" layername="sanity" frame="0" z_index="2" m_a="-1.000000" m_b="0.000000" m_c="-0.000000" m_d="-1.000000" m_tx="0.000000" m_ty="-15.000000"/>
  </frame>
  <frame idx="2025" w="195" h="258" x="-19.981644" y="-54.000000">
   <element name="images" layername="bottl" frame="0" z_index="1" m_a="1.000000" m_b="0.000000" m_c="0.000000" m_d="1.000000" m_tx="0.000000" m_ty="0.000000"/>
   <element name="swap_item" layername="sanity" frame="0" z_index="2" m_a="-0.999229" m_b="0.039260" m_c="-0.039260" m_d="-0.999229" m_tx="0.000000" m_ty="-15.000000"/>
  </frame>
  <frame idx="2050" w="200" h="258" x="-21.162041" y="-54.000000">
   <element name="images" layername="bottl" frame="0" z_index="1" m_a="1.000000" m_b="0.000000" m_c="0.000000" m_d="1.000000" m_tx="0.000000" m_ty="0.000000"/>
   <element name="swap_item" layername="sanity" frame="0" z_index="2" m_a="-0.996917" m_b="0.078459" m_c="-0.078459" m_d="-0.996917" m_tx="0.000000" m_ty="-15.000000"/>
  </frame>
  <frame idx="2075" w="203" h="258" x="-22.289391" y="-54.000000">
   <element name="images" layername="bottl" frame="0" z_index="1" m_a="1.000000" m_b="0.000000" m_c="0.000000" m_d="1.000000" m_tx="0.000000" m_ty="0.000000"/>
   <element name="swap_item" layername="sanity" frame="0" z_index="2" m_a="-0.993068" m_b="0.117538" m_c="-0.117538" m_d="-0.993068" m_tx="0.000000" m_ty="-15.000000"/>
  </frame>
  <frame idx="2100" w="207" h="258" x="-23.361931" y="-54.000000">
   <element name="images" layername="bottl" frame="0" z_index="1" m_a="1.000000" m_b="0.000000" m_c="0.000000" m_d="1.000000" m_tx="0.000000" m_ty="0.000000"/>
   <element name="swap_item" layername="sanity" frame="0" z_index="2" m_a="-0.987688" m_b="0.156435" m_c="-0.156435" m_d="-0.987688" m_tx="0.000000" m_ty="-15.000000"/>
  </frame>
  <frame idx="2125" w="211" h="258" x="-24.378021" y="-54.000000">
   <element name="images" layername="bottl" frame="0" z_index="1" m_a="1.000000" m_b="0.000000" m_c="0.000000" m_d="1.000000" m_tx="0.000000" m_ty="0.000000"/>
   <element name="swap_item" layername="sanity" frame="0" z_index="2" m_a="-0.980785" m_b="0.195090" m_c="-0.195090" m_d="-0.980785" m_tx="0.000000" m_ty="-15.000000"/>
  </frame>
  <frame idx="2150" w="214" h="258" x="-25.336098" y="-54.000000">
   <element name="images" layername="bottl" frame="0" z_index="1" m_a="1.000000" m_b="0.000000" m_c="0.000000" m_d="1.000000" m_tx="0.000000" m_ty="0.000000"/>
   <element name="swap_item" layername="sanity" frame="0" z_index="2" m_a="-0.972370" m_b="0.233446" m_c="-0.233446" m_d="-0.972370" m_tx="0.000000" m_ty="-15.000000"/>
  </frame>
  <frame idx="2175" w="216" h="258" x="-26.234665" y="-54.000000">
   <element name="images" layername="bottl" frame="0" z_index="1" m_a="1.000000" m_b="0.000000" m_c="0.000000" m_d="1.000000" m_tx="0.000000" m_ty="0.000000"/>
   <element name="swap_item" layername="sanity" frame="0" z_index="2" m_a="-0.962455" m_b="0.271441" m_c="-0.271441" m_d="-0.962455" m_tx="0.000000" m_ty="-15.000000"/>
  </frame>
  <frame idx="2200" w="219" h="258" x="-27.072350" y="-54.000000">
   <element name="images" layername="bottl" frame="0" z_index="1" m_a="1.000000" m_b="0.000000" m_c="0.000000" m_d="1.000000" m_tx="0.000000" m_ty="0.000000"/>
   <element name="swap_item" layername="sanity" frame="0" z_index="2" m_a="-0.951057" m_b="0.309017" m_c="-0.309017" m_d="-0.951057" m_tx="0.000000" m_ty="-15.000000"/>
  </frame>
  <frame idx="2225" w="222" h="258" x="-27.847870" y="-54.000000">
   <element name="images" layername="bottl" frame="0" z_index="1" m_a="1.000000" m_b="0.000000" m_c="0.000000" m_d="1.000000" m_tx="0.000000" m_ty="0.000000"/>
   <element name="swap_item" layername="sanity" frame="0" z_index="2" m_a="-0.938191" m_b="0.346117" m_c="-0.346117" m_d="-0.938191" m_tx="0.000000" m_ty="-15.000000"/>
  </frame>
  <frame idx="2250" w="224" h="258" x="-28.560020" y="-54.000000">
   <element name="images" layername="bottl" frame="0" z_index="1" m_a="1.000000" m_b="0.000000" m_c="0.000000" m_d="1.000000" m_tx="0.000000" m_ty="0.000000"/>
   <element name="swap_item" layername="sanity" frame="0" z_index="2" m_a="-0.923879" m_b="0.382684" m_c="-0.382684" m_d="-0.923879" m_tx="0.000000" m_ty="-15.000000"/>
  </frame>
  <frame idx="2275" w="226" h="258" x="-29.207695" y="-54.000000">
   <element name="images" layername="bottl" frame="0" z_index="1" m_a="1.000000" m_b="0.000000" m_c="0.000000" m_d="1.000000" m_tx="0.000000" m_ty="0.000000"/>
   <element name="swap_item" layername="sanity" frame="0" z_index="2" m_a="-0.908143" m_b="0.418660" m_c="-0.418660" m_d="-0.908143" m_tx="0.000000" m_ty="-15.000000"/>
  </frame>
  <frame idx="2300" w="228" h="258" x="-29.789909" y="-54.000000">
   <element name="images" layername="bottl" frame="0" z_index="1" m_a="1.000000" m_b="0.000000" m_c="0.000000" m_d="1.000000" m_tx="0.000000" m_ty="0.000000"/>
   <element name="swap_item" layername="sanity" frame="0" z_index="2" m_a="-0.891007" m_b="0.453991" m_c="-0.453991" m_d="-0.891007" m_tx="0.000000" m_ty="-15.000000"/>
  </frame>
  <frame idx="2325" w="229" h="258" x="-30.305756" y="-54.000000">
   <element name="images" layername="bottl" frame="0" z_index="1" m_a="1.000000" m_b="0.000000" m_c="0.000000" m_d="1.000000" m_tx="0.000000" m_ty="0.000000"/>
   <element name="swap_item" layername="sanity" frame="0" z_index="2" m_a="-0.872496" m_b="0.488622" m_c="-0.488622" m_d="-0.872496" m_tx="0.000000" m_ty="-15.000000"/>
  </frame>
  <frame idx="2350" w="231" h="258" x="-30.754440" y="-54.000000">
   <element name="images" layername="bottl" frame="0" z_index="1" m_a="1.000000" m_b="0.000000" m_c="0.000000" m_d="1.000000" m_tx="0.000000" m_ty="0.000000"/>
   <element name="swap_item" layername="sanity" frame="0" z_index="2" m_a="-0.852640" m_b="0.522499" m_c="-0.522499" m_d="-0.852640" m_tx="0.000000" m_ty="-15.000000"/>
  </frame>
  <frame idx="2375" w="233" h="258" x="-31.135277" y="-54.000000">
   <element name="images" layername="bottl" frame="0" z_index="1" m_a="1.000000" m_b="0.000000" m_c="0.000000" m_d="1.000000" m_tx="0.000000" m_ty="0.000000"/>
   <element name="swap_item" layername="sanity" frame="0" z_index="2" m_a="-0.831470" m_b="0.555570" m_c="-0.555570" m_d="-0.831470" m_tx="0.000000" m_ty="-15.000000"/>
  </frame>
  <frame idx="2400" w="234" h="258" x="-31.447670" y="-54.000000">
   <element name="images" layername="bottl" frame="0" z_index="1" m_a="1.000000" m_b="0.000000" m_c="0.000000" m_d="1.000000" m_tx="0.000000" m_ty="0.000000"/>
   <element name="swap_item" layername="sanity" frame="0" z_index="2" m_a="-0.809017" m_b="0.587785" m_c="-0.587785" m_d="-0.809017" m_tx="0.000000" m_ty="-15.000000"/>
  </frame>
  <frame idx="2425" w="235" h="258" x="-31.691147" y="-54.000000">
   <element name="images" layername="bottl" frame="0" z_index="1" m_a="1.000000" m_b="0.000000" m_c="0.000000" m_d="1.000000" m_tx="0.000000" m_ty="0.000000"/>
   <element name="swap_item" layername="sanity" frame="0" z_index="2" m_a="-0.785317" m_b="0.619094" m_c="-0.619094" m_d="-0.785317" m_tx="0.000000" m_ty="-15.000000"/>
  </frame>
  <frame idx="2450" w="235" h="258" x="-31.865334" y="-54.000000">
   <element name="images" layername="bottl" frame="0" z_index="1" m_a="1.000000" m_b="0.000000" m_c="0.000000" m_d="1.000000" m_tx="0.000000" m_ty="0.000000"/>
   <element name="swap_item" layername="sanity" frame="0" z_index="2" m_a="-0.760406" m_b="0.649448" m_c="-0.649448" m_d="-0.760406" m_tx="0.000000" m_ty="-15.000000"/>
  </frame>
  <frame idx="2475" w="235" h="258" x="-31.969948" y="-54.000000">
   <element name="images" layername="bottl" frame="0" z_index="1" m_a="1.000000" m_b="0.000000" m_c="0.000000" m_d="1.000000" m_tx="0.000000" m_ty="0.000000"/>
   <element name="swap_item" layername="sanity" frame="0" z_index="2" m_a="-0.734322" m_b="0.678801" m_c="-0.678801" m_d="-0.734322" m_tx="0.000000" m_ty="-15.000000"/>
  </frame>
  <frame idx="2500" w="236" h="258" x="-32.004829" y="-54.000000">
   <element name="images" layername="bottl" frame="0" z_index="1" m_a="1.000000" m_b="0.000000" m_c="0.000000" m_d="1.000000" m_tx="0.000000" m_ty="0.000000"/>
   <element name="swap_item" layername="sanity" frame="0" z_index="2" m_a="-0.707107" m_b="0.707107" m_c="-0.707107" m_d="-0.707107" m_tx="0.000000" m_ty="-15.000000"/>
  </frame>
  <frame idx="2525" w="235" h="258" x="-31.969948" y="-54.000000">
   <element name="images" layername="bottl" frame="0" z_index="1" m_a="1.000000" m_b="0.000000" m_c="0.000000" m_d="1.000000" m_tx="0.000000" m_ty="0.000000"/>
   <element name="swap_item" layername="sanity" frame="0" z_index="2" m_a="-0.678801" m_b="0.734322" m_c="-0.734322" m_d="-0.678801" m_tx="0.000000" m_ty="-15.000000"/>
  </frame>
  <frame idx="2550" w="235" h="258" x="-31.865326" y="-54.000000">
   <element name="images" layername="bottl" frame="0" z_index="1" m_a="1.000000" m_b="0.000000" m_c="0.000000" m_d="1.000000" m_tx="0.000000" m_ty="0.000000"/>
   <element name="swap_item" layername="sanity" frame="0" z_index="2" m_a="-0.649448" m_b="0.760406" m_c="-0.760406" m_d="-0.649448" m_tx="0.000000" m_ty="-15.000000"/>
  </frame>
  <frame idx="2575" w="235" h="258" x="-31.691147" y="-54.000000">
   <element name="images" layername="bottl" frame="0" z_index="1" m_a="1.000000" m_b="0.000000" m_c="0.000000" m_d="1.000000" m_tx="0.000000" m_ty="0.000000"/>
   <element name="swap_item" layername="sanity" frame="0" z_index="2" m_a="-0.619094" m_b="0.785317" m_c="-0.785317" m_d="-0.619094" m_tx="0.000000" m_ty="-15.000000"/>
  </frame>
  <frame idx="2600" w="234" h="258" x="-31.447670" y="-54.000000">
   <element name="images" layername="bottl" frame="0" z_index="1" m_a="1.000000" m_b="0.000000" m_c="0.000000" m_d="1.000000" m_tx="0.000000" m_ty="0.000000"/>
   <element name="swap_item" layername="sanity" frame="0" z_index="2" m_a="-0.587785" m_b="0.809017" m_c="-0.809017" m_d="-0.587785" m_tx="0.000000" m_ty="-15.000000"/>
  </frame>
  <frame idx="2625" w="233" h="258" x="-31.135277" y="-54.000000">
   <element name="images" layername="bottl" frame="0" z_index="1" m_a="1.000000" m_b="0.000000" m_c="0.000000" m_d="1.000000" m_tx="0.000000" m_ty="0.000000"/>
   <element name="swap_item" layername="sanity" frame="0" z_index="2" m_a="-0.555570" m_b="0.831470" m_c="-0.831470" m_d="-0.555570" m_tx="0.000000" m_ty="-15.000000"/>
  </frame>
  <frame idx="2650" w="231" h="258" x="-30.754440" y="-54.000000">
   <element name="images" layername="bottl" frame="0" z_index="1" m_a="1.000000" m_b="0.000000" m_c="0.000000" m_d="1.000000" m_tx="0.000000" m_ty="0.000000"/>
   <element name="swap_item" layername="sanity" frame="0" z_index="2" m_a="-0.522498" m_b="0.852640" m_c="-0.852640" m_d="-0.522498" m_tx="0.000000" m_ty="-15.000000"/>
  </frame>
  <frame idx="2675" w="229" h="258" x="-30.305748" y="-54.000000">
   <element name="images" layername="bottl" frame="0" z_index="1" m_a="1.000000" m_b="0.000000" m_c="0.000000" m_d="1.000000" m_tx="0.000000" m_ty="0.000000"/>
   <element name="swap_item" layername="sanity" frame="0" z_index="2" m_a="-0.488621" m_b="0.872496" m_c="-0.872496" m_d="-0.488621" m_tx="0.000000" m_ty="-15.000000"/>
  </frame>
  <frame idx="2700" w="228" h="258" x="-29.789902" y="-54.000000">
   <element name="images" layername="bottl" frame="0" z_index="1" m_a="1.000000" m_b="0.000000" m_c="0.000000" m_d="1.000000" m_tx="0.000000" m_ty="0.000000"/>
   <element name="swap_item" layername="sanity" frame="0" z_index="2" m_a="-0.453990" m_b="0.891007" m_c="-0.891007" m_d="-0.453990" m_tx="0.000000" m_ty="-15.000000"/>
  </frame>
  <frame idx="2725" w="226" h="258" x="-29.207687" y="-54.000000">
   <element name="images" layername="bottl" frame="0" z_index="1" m_a="1.000000" m_b="0.000000" m_c="0.000000" m_d="1.000000" m_tx="0.000000" m_ty="0.000000"/>
   <element name="swap_item" layername="sanity" frame="0" z_index="2" m_a="-0.418659" m_b="0.908143" m_c="-0.908143" m_d="-0.418659" m_tx="0.000000" m_ty="-15.000000"/>
  </frame>
  <frame idx="2750" w="224" h="258" x="-28.560020" y="-54.000000">
   <element name="images" layername="bottl" frame="0" z_index="1" m_a="1.000000" m_b="0.000000" m_c="0.000000" m_d="1.000000" m_tx="0.000000" m_ty="0.000000"/>
   <element name="swap_item" layername="sanity" frame="0" z_index="2" m_a="-0.382684" m_b="0.923880" m_c="-0.923880" m_d="-0.382684" m_tx="0.000000" m_ty="-15.000000"/>
  </frame>
  <frame idx="2775" w="222" h="258" x="-27.847862" y="-54.000000">
   <element name="images" layername="bottl" frame="0" z_index="1" m_a="1.000000" m_b="0.000000" m_c="0.000000" m_d="1.000000" m_tx="0.000000" m_ty="0.000000"/>
   <element name="swap_item" layername="sanity" frame="0" z_index="2" m_a="-0.346117" m_b="0.938191" m_c="-0.938191" m_d="-0.346117" m_tx="0.000000" m_ty="-15.000000"/>
  </frame>
  <frame idx="2800" w="219" h="258" x="-27.072342" y="-54.000000">
   <element name="images" layername="bottl" frame="0" z_index="1" m_a="1.000000" m_b="0.000000" m_c="0.000000" m_d="1.000000" m_tx="0.000000" m_ty="0.000000"/>
   <element name="swap_item" layername="sanity" frame="0" z_index="2" m_a="-0.309017" m_b="0.951057" m_c="-0.951057" m_d="-0.309017" m_tx="0.000000" m_ty="-15.000000"/>
  </frame>
  <frame idx="2825" w="216" h="258" x="-26.234665" y="-54.000000">
   <element name="images" layername="bottl" frame="0" z_index="1" m_a="1.000000" m_b="0.000000" m_c="0.000000" m_d="1.000000" m_tx="0.000000" m_ty="0.000000"/>
   <element name="swap_item" layername="sanity" frame="0" z_index="2" m_a="-0.271441" m_b="0.962455" m_c="-0.962455" m_d="-0.271441" m_tx="0.000000" m_ty="-15.000000"/>
  </frame>
  <frame idx="2850" w="214" h="258" x="-25.336090" y="-54.000000">
   <element name="images" layername="bottl" frame="0" z_index="1" m_a="1.000000" m_b="0.000000" m_c="0.000000" m_d="1.000000" m_tx="0.000000" m_ty="0.000000"/>
   <element name="swap_item" layername="sanity" frame="0" z_index="2" m_a="-0.233445" m_b="0.972370" m_c="-0.972370" m_d="-0.233445" m_tx="0.000000" m_ty="-15.000000"/>
  </frame>
  <frame idx="2875" w="211" h="258" x="-24.378014" y="-54.000000">
   <element name="images" layername="bottl" frame="0" z_index="1" m_a="1.000000" m_b="0.000000" m_c="0.000000" m_d="1.000000" m_tx="0.000000" m_ty="0.000000"/>
   <element name="swap_item" layername="sanity" frame="0" z_index="2" m_a="-0.195090" m_b="0.980785" m_c="-0.980785" m_d="-0.195090" m_tx="0.000000" m_ty="-15.000000"/>
  </frame>
  <frame idx="2900" w="207" h="258" x="-23.361931" y="-54.000000">
   <element name="images" layername="bottl" frame="0" z_index="1" m_a="1.000000" m_b="0.000000" m_c="0.000000" m_d="1.000000" m_tx="0.000000" m_ty="0.000000"/>
   <element name="swap_item" layername="sanity" frame="0" z_index="2" m_a="-0.156435" m_b="0.987688" m_c="-0.987688" m_d="-0.156435" m_tx="0.000000" m_ty="-15.000000"/>
  </frame>
  <frame idx="2925" w="203" h="258" x="-22.289391" y="-54.000000">
   <element name="images" layername="bottl" frame="0" z_index="1" m_a="1.000000" m_b="0.000000" m_c="0.000000" m_d="1.000000" m_tx="0.000000" m_ty="0.000000"/>
   <element name="swap_item" layername="sanity" frame="0" z_index="2" m_a="-0.117537" m_b="0.993068" m_c="-0.993068" m_d="-0.117537" m_tx="0.000000" m_ty="-15.000000"/>
  </frame>
  <frame idx="2950" w="200" h="258" x="-21.162033" y="-54.000000">
   <element name="images" layername="bottl" frame="0" z_index="1" m_a="1.000000" m_b="0.000000" m_c="0.000000" m_d="1.000000" m_tx="0.000000" m_ty="0.000000"/>
   <element name="swap_item" layername="sanity" frame="0" z_index="2" m_a="-0.078459" m_b="0.996917" m_c="-0.996917" m_d="-0.078459" m_tx="0.000000" m_ty="-15.000000"/>
  </frame>
  <frame idx="2975" w="195" h="258" x="-19.981644" y="-54.000000">
   <element name="images" layername="bottl" frame="0" z_index="1" m_a="1.000000" m_b="0.000000" m_c="0.000000" m_d="1.000000" m_tx="0.000000" m_ty="0.000000"/>
   <element name="swap_item" layername="sanity" frame="0" z_index="2" m_a="-0.039260" m_b="0.999229" m_c="-0.999229" m_d="-0.039260" m_tx="0.000000" m_ty="-15.000000"/>
  </frame>
  <frame idx="3000" w="192" h="258" x="-18.750000" y="-54.000000">
   <element name="images" layername="bottl" frame="0" z_index="1" m_a="1.000000" m_b="0.000000" m_c="0.000000" m_d="1.000000" m_tx="0.000000" m_ty="0.000000"/>
   <element name="swap_item" layername="sanity" frame="0" z_index="2" m_a="0.000000" m_b="1.000000" m_c="-1.000000" m_d="0.000000" m_tx="0.000000" m_ty="-15.000000"/>
  </frame>
  <frame idx="3025" w="192" h="258" x="-18.725327" y="-54.000000">
   <element name="images" layername="bottl" frame="0" z_index="1" m_a="1.000000" m_b="0.000000" m_c="0.000000" m_d="1.000000" m_tx="0.000000" m_ty="0.000000"/>
   <element name="swap_item" layername="sanity" frame="0" z_index="2" m_a="0.039260" m_b="0.999229" m_c="-0.999229" m_d="0.039260" m_tx="0.000000" m_ty="-15.000000"/>
  </frame>
  <frame idx="3050" w="191" h="258" x="-18.651352" y="-54.000000">
   <element name="images" layername="bottl" frame="0" z_index="1" m_a="1.000000" m_b="0.000000" m_c="0.000000" m_d="1.000000" m_tx="0.000000" m_ty="0.000000"/>
   <element name="swap_item" layername="sanity" frame="0" z_index="2" m_a="0.078459" m_b="0.996917" m_c="-0.996917" m_d="0.078459" m_tx="0.000000" m_ty="-15.000000"/>
  </frame>
  <frame idx="3075" w="191" h="258" x="-18.528191" y="-54.000000">
   <element name="images" layername="bottl" frame="0" z_index="1" m_a="1.000000" m_b="0.000000" m_c="0.000000" m_d="1.000000" m_tx="0.000000" m_ty="0.000000"/>
   <element name="swap_item" layername="sanity" frame="0" z_index="2" m_a="0.117537" m_b="0.993068" m_c="-0.993068" m_d="0.117537" m_tx="0.000000" m_ty="-15.000000"/>
  </frame>
  <frame idx="3100" w="191" h="258" x="-18.356026" y="-54.000000">
   <element name="images" layername="bottl" frame="0" z_index="1" m_a="1.000000" m_b="0.000000" m_c="0.000000" m_d="1.000000" m_tx="0.000000" m_ty="0.000000"/>
   <element name="swap_item" layername="sanity" frame="0" z_index="2" m_a="0.156435" m_b="0.987688" m_c="-0.987688" m_d="0.156435" m_tx="0.000000" m_ty="-15.000000"/>
  </frame>
  <frame idx="3125" w="190" h="258" x="-18.135124" y="-54.000000">
   <element name="images" layername="bottl" frame="0" z_index="1" m_a="1.000000" m_b="0.000000" m_c="0.000000" m_d="1.000000" m_tx="0.000000" m_ty="0.000000"/>
   <element name="swap_item" layername="sanity" frame="0" z_index="2" m_a="0.195090" m_b="0.980785" m_c="-0.980785" m_d="0.195090" m_tx="0.000000" m_ty="-15.000000"/>
  </frame>
  <frame idx="3150" w="189" h="258" x="-17.865837" y="-54.000000">
   <element name="images" layername="bottl" frame="0" z_index="1" m_a="1.000000" m_b="0.000000" m_c="0.000000" m_d="1.000000" m_tx="0.000000" m_ty="0.000000"/>
   <element name="swap_item" layername="sanity" frame="0" z_index="2" m_a="0.233445" m_b="0.972370" m_c="-0.972370" m_d="0.233445" m_tx="0.000000" m_ty="-15.000000"/>
  </frame>
  <frame idx="3175" w="187" h="258" x="-17.548569" y="-54.000000">
   <element name="images" layername="bottl" frame="0" z_index="1" m_a="1.000000" m_b="0.000000" m_c="0.000000" m_d="1.000000" m_tx="0.000000" m_ty="0.000000"/>
   <element name="swap_item" layername="sanity" frame="0" z_index="2" m_a="0.271441" m_b="0.962455" m_c="-0.962455" m_d="0.271441" m_tx="0.000000" m_ty="-15.000000"/>
  </frame>
  <frame idx="3200" w="186" h="258" x="-17.183807" y="-54.000000">
   <element name="images" layername="bottl" frame="0" z_index="1" m_a="1.000000" m_b="0.000000" m_c="0.000000" m_d="1.000000" m_tx="0.000000" m_ty="0.000000"/>
   <element name="swap_item" layername="sanity" frame="0" z_index="2" m_a="0.309017" m_b="0.951056" m_c="-0.951056" m_d="0.309017" m_tx="0.000000" m_ty="-15.000000"/>
  </frame>
  <frame idx="3225" w="185" h="258" x="-16.772118" y="-54.000000">
   <element name="images" layername="bottl" frame="0" z_index="1" m_a="1.000000" m_b="0.000000" m_c="0.000000" m_d="1.000000" m_tx="0.000000" m_ty="0.000000"/>
   <element name="swap_item" layername="sanity" frame="0" z_index="2" m_a="0.346117" m_b="0.938191" m_c="-0.938191" m_d="0.346117" m_tx="0.000000" m_ty="-15.000000"/>
  </frame>
  <frame idx="3250" w="183" h="259" x="-16.314140" y="-53.689987">
   <element name="images" layername="bottl" frame="0" z_index="1" m_a="1.000000" m_b="0.000000" m_c="0.000000" m_d="1.000000" m_tx="0.000000" m_ty="0.000000"/>
   <element name="swap_item" layername="sanity" frame="0" z_index="2" m_a="0.382684" m_b="0.923879" m_c="-0.923879" m_d="0.382684" m_tx="0.000000" m_ty="-15.000000"/>
  </frame>
  <frame idx="3275" w="182" h="259" x="-15.810577" y="-53.042305">
   <element name="images" layername="bottl" frame="0" z_index="1" m_a="1.000000" m_b="0.000000" m_c="0.000000" m_d="1.000000" m_tx="0.000000" m_ty="0.000000"/>
   <element name="swap_item" layername="sanity" frame="0" z_index="2" m_a="0.418660" m_b="0.908143" m_c="-0.908143" m_d="0.418660" m_tx="0.000000" m_ty="-15.000000"/>
  </frame>
  <frame idx="3300" w="180" h="260" x="-15.262207" y="-52.460098">
   <element name="images" layername="bottl" frame="0" z_index="1" m_a="1.000000" m_b="0.000000" m_c="0.000000" m_d="1.000000" m_tx="0.000000" m_ty="0.000000"/>
   <element name="swap_item" layername="sanity" frame="0" z_index="2" m_a="0.453991" m_b="0.891006" m_c="-0.891006" m_d="0.453991" m_tx="0.000000" m_ty="-15.000000"/>
  </frame>
  <frame idx="3325" w="179" h="261" x="-14.669868" y="-51.944244">
   <element name="images" layername="bottl" frame="0" z_index="1" m_a="1.000000" m_b="0.000000" m_c="0.000000" m_d="1.000000" m_tx="0.000000" m_ty="0.000000"/>
   <element name="swap_item" layername="sanity" frame="0" z_index="2" m_a="0.488621" m_b="0.872496" m_c="-0.872496" m_d="0.488621" m_tx="0.000000" m_ty="-15.000000"/>
  </frame>
  <frame idx="3350" w="176" h="261" x="-14.034477" y="-51.495560">
   <element name="images" layername="bottl" frame="0" z_index="1" m_a="1.000000" m_b="0.000000" m_c="0.000000" m_d="1.000000" m_tx="0.000000" m_ty="0.000000"/>
   <element name="swap_item" layername="sanity" frame="0" z_index="2" m_a="0.522499" m_b="0.852640" m_c="-0.852640" m_d="0.522499" m_tx="0.000000" m_ty="-15.000000"/>
  </frame>
  <frame idx="3375" w="174" h="261" x="-13.357025" y="-51.114723">
   <element name="images" layername="bottl" frame="0" z_index="1" m_a="1.000000" m_b="0.000000" m_c="0.000000" m_d="1.000000" m_tx="0.000000" m_ty="0.000000"/>
   <element name="swap_item" layername="sanity" frame="0" z_index="2" m_a="0.555570" m_b="0.831469" m_c="-0.831469" m_d="0.555570" m_tx="0.000000" m_ty="-15.000000"/>
  </frame>
  <frame idx="3400" w="171" h="262" x="-12.638542" y="-50.802322">
   <element name="images" layername="bottl" frame="0" z_index="1" m_a="1.000000" m_b="0.000000" m_c="0.000000" m_d="1.000000" m_tx="0.000000" m_ty="0.000000"/>
   <element name="swap_item" layername="sanity" frame="0" z_index="2" m_a="0.587785" m_b="0.809017" m_c="-0.809017" m_d="0.587785" m_tx="0.000000" m_ty="-15.000000"/>
  </frame>
  <frame idx="3425" w="169" h="262" x="-11.880150" y="-50.558853">
   <element name="images" layername="bottl" frame="0" z_index="1" m_a="1.000000" m_b="0.000000" m_c="0.000000" m_d="1.000000" m_tx="0.000000" m_ty="0.000000"/>
   <element name="swap_item" layername="sanity" frame="0" z_index="2" m_a="0.619094" m_b="0.785317" m_c="-0.785317" m_d="0.619094" m_tx="0.000000" m_ty="-15.000000"/>
  </frame>
  <frame idx="3450" w="167" h="262" x="-11.082985" y="-50.384674">
   <element name="images" layername="bottl" frame="0" z_index="1" m_a="1.000000" m_b="0.000000" m_c="0.000000" m_d="1.000000" m_tx="0.000000" m_ty="0.000000"/>
   <element name="swap_item" layername="sanity" frame="0" z_index="2" m_a="0.649448" m_b="0.760406" m_c="-0.760406" m_d="0.649448" m_tx="0.000000" m_ty="-15.000000"/>
  </frame>
  <frame idx="3475" w="163" h="262" x="-10.248314" y="-50.280052">
   <element name="images" layername="bottl" frame="0" z_index="1" m_a="1.000000" m_b="0.000000" m_c="0.000000" m_d="1.000000" m_tx="0.000000" m_ty="0.000000"/>
   <element name="swap_item" layername="sanity" frame="0" z_index="2" m_a="0.678801" m_b="0.734322" m_c="-0.734322" m_d="0.678801" m_tx="0.000000" m_ty="-15.000000"/>
  </frame>
  <frame idx="3500" w="161" h="262" x="-9.377419" y="-50.245163">
   <element name="images" layername="bottl" frame="0" z_index="1" m_a="1.000000" m_b="0.000000" m_c="0.000000" m_d="1.000000" m_tx="0.000000" m_ty="0.000000"/>
   <element name="swap_item" layername="sanity" frame="0" z_index="2" m_a="0.707107" m_b="0.707107" m_c="-0.707107" m_d="0.707107" m_tx="0.000000" m_ty="-15.000000"/>
  </frame>
  <frame idx="3525" w="158" h="262" x="-8.471626" y="-50.280060">
   <element name="images" layername="bottl" frame="0" z_index="1" m_a="1.000000" m_b="0.000000" m_c="0.000000" m_d="1.000000" m_tx="0.000000" m_ty="0.000000"/>
   <element name="swap_item" layername="sanity" frame="0" z_index="2" m_a="0.734322" m_b="0.678801" m_c="-0.678801" m_d="0.734322" m_tx="0.000000" m_ty="-15.000000"/>
  </frame>
  <frame idx="3550" w="154" h="262" x="-7.532326" y="-50.384674">
   <element name="images" layername="bottl" frame="0" z_index="1" m_a="1.000000" m_b="0.000000" m_c="0.000000" m_d="1.000000" m_tx="0.000000" m_ty="0.000000"/>
   <element name="swap_item" layername="sanity" frame="0" z_index="2" m_a="0.760406" m_b="0.649448" m_c="-0.649448" m_d="0.760406" m_tx="0.000000" m_ty="-15.000000"/>
  </frame>
  <frame idx="3575" w="151" h="262" x="-6.561012" y="-50.558853">
   <element name="images" layername="bottl" frame="0" z_index="1" m_a="1.000000" m_b="0.000000" m_c="0.000000" m_d="1.000000" m_tx="0.000000" m_ty="0.000000"/>
   <element name="swap_item" layername="sanity" frame="0" z_index="2" m_a="0.785317" m_b="0.619094" m_c="-0.619094" m_d="0.785317" m_tx="0.000000" m_ty="-15.000000"/>
  </frame>
  <frame idx="3600" w="148" h="262" x="-5.559128" y="-50.802330">
   <element name="images" layername="bottl" frame="0" z_index="1" m_a="1.000000" m_b="0.000000" m_c="0.000000" m_d="1.000000" m_tx="0.000000" m_ty="0.000000"/>
   <element name="swap_item" layername="sanity" frame="0" z_index="2" m_a="0.809017" m_b="0.587785" m_c="-0.587785" m_d="0.809017" m_tx="0.000000" m_ty="-15.000000"/>
  </frame>
  <frame idx="3625" w="145" h="261" x="-4.528252" y="-51.114723">
   <element name="images" layername="bottl" frame="0" z_index="1" m_a="1.000000" m_b="0.000000" m_c="0.000000" m_d="1.000000" m_tx="0.000000" m_ty="0.000000"/>
   <element name="swap_item" layername="sanity" frame="0" z_index="2" m_a="0.831470" m_b="0.555570" m_c="-0.555570" m_d="0.831470" m_tx="0.000000" m_ty="-15.000000"/>
  </frame>
  <frame idx="3650" w="141" h="261" x="-3.469955" y="-51.495560">
   <element name="images" layername="bottl" frame="0" z_index="1" m_a="1.000000" m_b="0.000000" m_c="0.000000" m_d="1.000000" m_tx="0.000000" m_ty="0.000000"/>
   <element name="swap_item" layername="sanity" frame="0" z_index="2" m_a="0.852640" m_b="0.522499" m_c="-0.522499" m_d="0.852640" m_tx="0.000000" m_ty="-15.000000"/>
  </frame>
  <frame idx="3675" w="138" h="261" x="-2.385880" y="-51.944244">
   <element name="images" layername="bottl" frame="0" z_index="1" m_a="1.000000" m_b="0.000000" m_c="0.000000" m_d="1.000000" m_tx="0.000000" m_ty="0.000000"/>
   <element name="swap_item" layername="sanity" frame="0" z_index="2" m_a="0.872496" m_b="0.488621" m_c="-0.488621" m_d="0.872496" m_tx="0.000000" m_ty="-15.000000"/>
  </frame>
  <frame idx="3700" w="134" h="260" x="-1.277699" y="-52.460098">
   <element name="images" layername="bottl" frame="0" z_index="1" m_a="1.000000" m_b="0.000000" m_c="0.000000" m_d="1.000000" m_tx="0.000000" m_ty="0.000000"/>
   <element name="swap_item" layername="sanity" frame="0" z_index="2" m_a="0.891007" m_b="0.453991" m_c="-0.453991" m_d="0.891007" m_tx="0.000000" m_ty="-15.000000"/>
  </frame>
  <frame idx="3725" w="130" h="259" x="-0.147099" y="-53.042313">
   <element name="images" layername="bottl" frame="0" z_index="1" m_a="1.000000" m_b="0.000000" m_c="0.000000" m_d="1.000000" m_tx="0.000000" m_ty="0.000000"/>
   <element name="swap_item" layername="sanity" frame="0" z_index="2" m_a="0.908143" m_b="0.418659" m_c="-0.418659" m_d="0.908143" m_tx="0.000000" m_ty="-15.000000"/>
  </frame>
  <frame idx="3750" w="129" h="259" x="0.000000" y="-53.689995">
   <element name="images" layername="bottl" frame="0" z_index="1" m_a="1.000000" m_b="0.000000" m_c="0.000000" m_d="1.000000" m_tx="0.000000" m_ty="0.000000"/>
   <element name="swap_item" layername="sanity" frame="0" z_index="2" m_a="0.923880" m_b="0.382683" m_c="-0.382683" m_d="0.923880" m_tx="0.000000" m_ty="-15.000000"/>
  </frame>
  <frame idx="3775" w="129" h="258" x="0.000000" y="-54.000000">
   <element name="images" layername="bottl" frame="0" z_index="1" m_a="1.000000" m_b="0.000000" m_c="0.000000" m_d="1.000000" m_tx="0.000000" m_ty="0.000000"/>
   <element name="swap_item" layername="sanity" frame="0" z_index="2" m_a="0.938191" m_b="0.346117" m_c="-0.346117" m_d="0.938191" m_tx="0.000000" m_ty="-15.000000"/>
  </frame>
  <frame idx="3800" w="129" h="258" x="0.000000" y="-54.000000">
   <element name="images" layername="bottl" frame="0" z_index="1" m_a="1.000000" m_b="0.000000" m_c="0.000000" m_d="1.000000" m_tx="0.000000" m_ty="0.000000"/>
   <element name="swap_item" layername="sanity" frame="0" z_index="2" m_a="0.951057" m_b="0.309017" m_c="-0.309017" m_d="0.951057" m_tx="0.000000" m_ty="-15.000000"/>
  </frame>
  <frame idx="3825" w="129" h="258" x="0.000000" y="-54.000000">
   <element name="images" layername="bottl" frame="0" z_index="1" m_a="1.000000" m_b="0.000000" m_c="0.000000" m_d="1.000000" m_tx="0.000000" m_ty="0.000000"/>
   <element name="swap_item" layername="sanity" frame="0" z_index="2" m_a="0.962455" m_b="0.271440" m_c="-0.271440" m_d="0.962455" m_tx="0.000000" m_ty="-15.000000"/>
  </frame>
  <frame idx="3850" w="129" h="258" x="0.000000" y="-54.000000">
   <element name="images" layername="bottl" frame="0" z_index="1" m_a="1.000000" m_b="0.000000" m_c="0.000000" m_d="1.000000" m_tx="0.000000" m_ty="0.000000"/>
   <element name="swap_item" layername="sanity" frame="0" z_index="2" m_a="0.972370" m_b="0.233445" m_c="-0.233445" m_d="0.972370" m_tx="0.000000" m_ty="-15.000000"/>
  </frame>
  <frame idx="3875" w="129" h="258" x="0.000000" y="-54.000000">
   <element name="images" layername="bottl" frame="0" z_index="1" m_a="1.000000" m_b="0.000000" m_c="0.000000" m_d="1.000000" m_tx="0.000000" m_ty="0.000000"/>
   <element name="swap_item" layername="sanity" frame="0" z_index="2" m_a="0.980785" m_b="0.195090" m_c="-0.195090" m_d="0.980785" m_tx="0.000000" m_ty="-15.000000"/>
  </frame>
  <frame idx="3900" w="129" h="258" x="0.000000" y="-54.000000">
   <element name="images" layername="bottl" frame="0" z_index="1" m_a="1.000000" m_b="0.000000" m_c="0.000000" m_d="1.000000" m_tx="0.000000" m_ty="0.000000"/>
   <element name="swap_item" layername="sanity" frame="0" z_index="2" m_a="0.987688" m_b="0.156434" m_c="-0.156434" m_d="0.987688" m_tx="0.000000" m_ty="-15.000000"/>
  </frame>
  <frame idx="3925" w="129" h="258" x="0.000000" y="-54.000000">
   <element name="images" layername="bottl" frame="0" z_index="1" m_a="1.000000" m_b="0.000000" m_c="0.000000" m_d="1.000000" m_tx="0.000000" m_ty="0.000000"/>
   <element name="swap_item" layername="sanity" frame="0" z_index="2" m_a="0.993068" m_b="0.117538" m_c="-0.117538" m_d="0.993068" m_tx="0.000000" m_ty="-15.000000"/>
  </frame>
  <frame idx="3950" w="129" h="258" x="0.000000" y="-54.000000">
   <element name="images" layername="bottl" frame="0" z_index="1" m_a="1.000000" m_b="0.000000" m_c="0.000000" m_d="1.000000" m_tx="0.000000" m_ty="0.000000"/>
   <element name="swap_item" layername="sanity" frame="0" z_index="2" m_a="0.996917" m_b="0.078459" m_c="-0.078459" m_d="0.996917" m_tx="0.000000" m_ty="-15.000000"/>
  </frame>
  <frame idx="3975" w="129" h="258" x="0.000000" y="-54.000000">
   <element name="images" layername="bottl" frame="0" z_index="1" m_a="1.000000" m_b="0.000000" m_c="0.000000" m_d="1.000000" m_tx="0.000000" m_ty="0.000000"/>
   <element name="swap_item" layername="sanity" frame="0" z_index="2" m_a="0.999229" m_b="0.039260" m_c="-0.039260" m_d="0.999229" m_tx="0.000000" m_ty="-15.000000"/>
  </frame>
 </anim>
</Anims>
