<Anims>
 <anim name="idle" root="ugpotions" numframes="4000" framerate="40">
  <frame idx="0" w="129" h="258" x="0.000000" y="-54.000000">
   <element name="images" layername="bottl" frame="0" z_index="1" m_a="1.000000" m_b="0.000000" m_c="0.000000" m_d="1.000000" m_tx="0.000000" m_ty="0.000000"/>
   <element name="swap_item" layername="sanity" frame="0" z_index="2" m_a="1.000000" m_b="0.000000" m_c="0.000000" m_d="1.000000" m_tx="0.000000" m_ty="-15.000000"/>
  </frame>
  <frame idx="25" w="129" h="258" x="0.000000" y="-54.000000">
   <element name="images" layername="bottl" frame="0" z_index="1" m_a="1.000000" m_b="0.000000" m_c="0.000000" m_d="1.000000" m_tx="0.000000" m_ty="0.000000"/>
   <element name="swap_item" layername="sanity" frame="0" z_index="2" m_a="0.993744" m_b="0.000000" m_c="0.000000" m_d="0.993744" m_tx="0.000000" m_ty="-15.000000"/>
  </frame>
  <frame idx="50" w="129" h="258" x="0.000000" y="-54.000000">
   <element name="images" layername="bottl" frame="0" z_index="1" m_a="1.000000" m_b="0.000000" m_c="0.000000" m_d="1.000000" m_tx="0.000000" m_ty="0.000000"/>
   <element name="swap_item" layername="sanity" frame="0" z_index="2" m_a="0.987487" m_b="0.000000" m_c="0.000000" m_d="0.987487" m_tx="0.000000" m_ty="-15.000000"/>
  </frame>
  <frame idx="75" w="129" h="258" x="0.000000" y="-54.000000">
   <element name="images" layername="bottl" frame="0" z_index="1" m_a="1.000000" m_b="0.000000" m_c="0.000000" m_d="1.000000" m_tx="0.000000" m_ty="0.000000"/>
   <element name="swap_item" layername="sanity" frame="0" z_index="2" m_a="0.981231" m_b="0.000000" m_c="0.000000" m_d="0.981231" m_tx="0.000000" m_ty="-15.000000"/>
  </frame>
  <frame idx="100" w="129" h="258" x="0.000000" y="-54.000000">
   <element name="images" layername="bottl" frame="0" z_index="1" m_a="1.000000" m_b="0.000000" m_c="0.000000" m_d="1.000000" m_tx="0.000000" m_ty="0.000000"/>
   <element name="swap_item" layername="sanity" frame="0" z_index="2" m_a="0.974975" m_b="0.000000" m_c="0.000000" m_d="0.974975" m_tx="0.000000" m_ty="-15.000000"/>
  </frame>
  <frame idx="125" w="129" h="258" x="0.000000" y="-54.000000">
   <element name="images" layername="bottl" frame="0" z_index="1" m_a="1.000000" m_b="0.000000" m_c="0.000000" m_d="1.000000" m_tx="0.000000" m_ty="0.000000"/>
   <element name="swap_item" layername="sanity" frame="0" z_index="2" m_a="0.968719" m_b="0.000000" m_c="0.000000" m_d="0.968719" m_tx="0.000000" m_ty="-15.000000"/>
  </frame>
  <frame idx="150" w="129" h="258" x="0.000000" y="-54.000000">
   <element name="images" layername="bottl" frame="0" z_index="1" m_a="1.000000" m_b="0.000000" m_c="0.000000" m_d="1.000000" m_tx="0.000000" m_ty="0.000000"/>
   <element name="swap_item" layername="sanity" frame="0" z_index="2" m_a="0.962462" m_b="0.000000" m_c="0.000000" m_d="0.962462" m_tx="0.000000" m_ty="-15.000000"/>
  </frame>
  <frame idx="175" w="129" h="258" x="0.000000" y="-54.000000">
   <element name="images" layername="bottl" frame="0" z_index="1" m_a="1.000000" m_b="0.000000" m_c="0.000000" m_d="1.000000" m_tx="0.000000" m_ty="0.000000"/>
   <element name="swap_item" layername="sanity" frame="0" z_index="2" m_a="0.956206" m_b="0.000000" m_c="0.000000" m_d="0.956206" m_tx="0.000000" m_ty="-15.000000"/>
  </frame>
  <frame idx="200" w="129" h="258" x="0.000000" y="-54.000000">
   <element name="images" layername="bottl" frame="0" z_index="1" m_a="1.000000" m_b="0.000000" m_c="0.000000" m_d="1.000000" m_tx="0.000000" m_ty="0.000000"/>
   <element name="swap_item" layername="sanity" frame="0" z_index="2" m_a="0.949950" m_b="0.000000" m_c="0.000000" m_d="0.949950" m_tx="0.000000" m_ty="-15.000000"/>
  </frame>
  <frame idx="225" w="129" h="258" x="0.000000" y="-54.000000">
   <element name="images" layername="bottl" frame="0" z_index="1" m_a="1.000000" m_b="0.000000" m_c="0.000000" m_d="1.000000" m_tx="0.000000" m_ty="0.000000"/>
   <element name="swap_item" layername="sanity" frame="0" z_index="2" m_a="0.943694" m_b="0.000000" m_c="0.000000" m_d="0.943694" m_tx="0.000000" m_ty="-15.000000"/>
  </frame>
  <frame idx="250" w="129" h="258" x="0.000000" y="-54.000000">
   <element name="images" layername="bottl" frame="0" z_index="1" m_a="1.000000" m_b="0.000000" m_c="0.000000" m_d="1.000000" m_tx="0.000000" m_ty="0.000000"/>
   <element name="swap_item" layername="sanity" frame="0" z_index="2" m_a="0.937437" m_b="0.000000" m_c="0.000000" m_d="0.937437" m_tx="0.000000" m_ty="-15.000000"/>
  </frame>
  <frame idx="275" w="129" h="258" x="0.000000" y="-54.000000">
   <element name="images" layername="bottl" frame="0" z_index="1" m_a="1.000000" m_b="0.000000" m_c="0.000000" m_d="1.000000" m_tx="0.000000" m_ty="0.000000"/>
   <element name="swap_item" layername="sanity" frame="0" z_index="2" m_a="0.931181" m_b="0.000000" m_c="0.000000" m_d="0.931181" m_tx="0.000000" m_ty="-15.000000"/>
  </frame>
  <frame idx="300" w="129" h="258" x="0.000000" y="-54.000000">
   <element name="images" layername="bottl" frame="0" z_index="1" m_a="1.000000" m_b="0.000000" m_c="0.000000" m_d="1.000000" m_tx="0.000000" m_ty="0.000000"/>
   <element name="swap_item" layername="sanity" frame="0" z_index="2" m_a="0.924925" m_b="0.000000" m_c="0.000000" m_d="0.924925" m_tx="0.000000" m_ty="-15.000000"/>
  </frame>
  <frame idx="325" w="129" h="258" x="0.000000" y="-54.000000">
   <element name="images" layername="bottl" frame="0" z_index="1" m_a="1.000000" m_b="0.000000" m_c="0.000000" m_d="1.000000" m_tx="0.000000" m_ty="0.000000"/>
   <element name="swap_item" layername="sanity" frame="0" z_index="2" m_a="0.918669" m_b="0.000000" m_c="0.000000" m_d="0.918669" m_tx="0.000000" m_ty="-15.000000"/>
  </frame>
  <frame idx="350" w="129" h="258" x="0.000000" y="-54.000000">
   <element name="images" layername="bottl" frame="0" z_index="1" m_a="1.000000" m_b="0.000000" m_c="0.000000" m_d="1.000000" m_tx="0.000000" m_ty="0.000000"/>
   <element name="swap_item" layername="sanity" frame="0" z_index="2" m_a="0.912412" m_b="0.000000" m_c="0.000000" m_d="0.912412" m_tx="0.000000" m_ty="-15.000000"/>
  </frame>
  <frame idx="375" w="129" h="258" x="0.000000" y="-54.000000">
   <element name="images" layername="bottl" frame="0" z_index="1" m_a="1.000000" m_b="0.000000" m_c="0.000000" m_d="1.000000" m_tx="0.000000" m_ty="0.000000"/>
   <element name="swap_item" layername="sanity" frame="0" z_index="2" m_a="0.906156" m_b="0.000000" m_c="0.000000" m_d="0.906156" m_tx="0.000000" m_ty="-15.000000"/>
  </frame>
  <frame idx="400" w="129" h="258" x="0.000000" y="-54.000000">
   <element name="images" layername="bottl" frame="0" z_index="1" m_a="1.000000" m_b="0.000000" m_c="0.000000" m_d="1.000000" m_tx="0.000000" m_ty="0.000000"/>
   <element name="swap_item" layername="sanity" frame="0" z_index="2" m_a="0.899900" m_b="0.000000" m_c="0.000000" m_d="0.899900" m_tx="0.000000" m_ty="-15.000000"/>
  </frame>
  <frame idx="425" w="129" h="258" x="0.000000" y="-54.000000">
   <element name="images" layername="bottl" frame="0" z_index="1" m_a="1.000000" m_b="0.000000" m_c="0.000000" m_d="1.000000" m_tx="0.000000" m_ty="0.000000"/>
   <element name="swap_item" layername="sanity" frame="0" z_index="2" m_a="0.893644" m_b="0.000000" m_c="0.000000" m_d="0.893644" m_tx="0.000000" m_ty="-15.000000"/>
  </frame>
  <frame idx="450" w="129" h="258" x="0.000000" y="-54.000000">
   <element name="images" layername="bottl" frame="0" z_index="1" m_a="1.000000" m_b="0.000000" m_c="0.000000" m_d="1.000000" m_tx="0.000000" m_ty="0.000000"/>
   <element name="swap_item" layername="sanity" frame="0" z_index="2" m_a="0.887387" m_b="0.000000" m_c="0.000000" m_d="0.887387" m_tx="0.000000" m_ty="-15.000000"/>
  </frame>
  <frame idx="475" w="129" h="258" x="0.000000" y="-54.000000">
   <element name="images" layername="bottl" frame="0" z_index="1" m_a="1.000000" m_b="0.000000" m_c="0.000000" m_d="1.000000" m_tx="0.000000" m_ty="0.000000"/>
   <element name="swap_item" layername="sanity" frame="0" z_index="2" m_a="0.881131" m_b="0.000000" m_c="0.000000" m_d="0.881131" m_tx="0.000000" m_ty="-15.000000"/>
  </frame>
  <frame idx="500" w="129" h="258" x="0.000000" y="-54.000000">
   <element name="images" layername="bottl" frame="0" z_index="1" m_a="1.000000" m_b="0.000000" m_c="0.000000" m_d="1.000000" m_tx="0.000000" m_ty="0.000000"/>
   <element name="swap_item" layername="sanity" frame="0" z_index="2" m_a="0.874875" m_b="0.000000" m_c="0.000000" m_d="0.874875" m_tx="0.000000" m_ty="-15.000000"/>
  </frame>
  <frame idx="525" w="129" h="258" x="0.000000" y="-54.000000">
   <element name="images" layername="bottl" frame="0" z_index="1" m_a="1.000000" m_b="0.000000" m_c="0.000000" m_d="1.000000" m_tx="0.000000" m_ty="0.000000"/>
   <element name="swap_item" layername="sanity" frame="0" z_index="2" m_a="0.868619" m_b="0.000000" m_c="0.000000" m_d="0.868619" m_tx="0.000000" m_ty="-15.000000"/>
  </frame>
  <frame idx="550" w="129" h="258" x="0.000000" y="-54.000000">
   <element name="images" layername="bottl" frame="0" z_index="1" m_a="1.000000" m_b="0.000000" m_c="0.000000" m_d="1.000000" m_tx="0.000000" m_ty="0.000000"/>
   <element name="swap_item" layername="sanity" frame="0" z_index="2" m_a="0.862362" m_b="0.000000" m_c="0.000000" m_d="0.862362" m_tx="0.000000" m_ty="-15.000000"/>
  </frame>
  <frame idx="575" w="129" h="258" x="0.000000" y="-54.000000">
   <element name="images" layername="bottl" frame="0" z_index="1" m_a="1.000000" m_b="0.000000" m_c="0.000000" m_d="1.000000" m_tx="0.000000" m_ty="0.000000"/>
   <element name="swap_item" layername="sanity" frame="0" z_index="2" m_a="0.856106" m_b="0.000000" m_c="0.000000" m_d="0.856106" m_tx="0.000000" m_ty="-15.000000"/>
  </frame>
  <frame idx="600" w="129" h="258" x="0.000000" y="-54.000000">
   <element name="images" layername="bottl" frame="0" z_index="1" m_a="1.000000" m_b="0.000000" m_c="0.000000" m_d="1.000000" m_tx="0.000000" m_ty="0.000000"/>
   <element name="swap_item" layername="sanity" frame="0" z_index="2" m_a="0.849850" m_b="0.000000" m_c="0.000000" m_d="0.849850" m_tx="0.000000" m_ty="-15.000000"/>
  </frame>
  <frame idx="625" w="129" h="258" x="0.000000" y="-54.000000">
   <element name="images" layername="bottl" frame="0" z_index="1" m_a="1.000000" m_b="0.000000" m_c="0.000000" m_d="1.000000" m_tx="0.000000" m_ty="0.000000"/>
   <element name="swap_item" layername="sanity" frame="0" z_index="2" m_a="0.843594" m_b="0.000000" m_c="0.000000" m_d="0.843594" m_tx="0.000000" m_ty="-15.000000"/>
  </frame>
  <frame idx="650" w="129" h="258" x="0.000000" y="-54.000000">
   <element name="images" layername="bottl" frame="0" z_index="1" m_a="1.000000" m_b="0.000000" m_c="0.000000" m_d="1.000000" m_tx="0.000000" m_ty="0.000000"/>
   <element name="swap_item" layername="sanity" frame="0" z_index="2" m_a="0.837337" m_b="0.000000" m_c="0.000000" m_d="0.837337" m_tx="0.000000" m_ty="-15.000000"/>
  </frame>
  <frame idx="675" w="129" h="258" x="0.000000" y="-54.000000">
   <element name="images" layername="bottl" frame="0" z_index="1" m_a="1.000000" m_b="0.000000" m_c="0.000000" m_d="1.000000" m_tx="0.000000" m_ty="0.000000"/>
   <element name="swap_item" layername="sanity" frame="0" z_index="2" m_a="0.831081" m_b="0.000000" m_c="0.000000" m_d="0.831081" m_tx="0.000000" m_ty="-15.000000"/>
  </frame>
  <frame idx="700" w="129" h="258" x="0.000000" y="-54.000000">
   <element name="images" layername="bottl" frame="0" z_index="1" m_a="1.000000" m_b="0.000000" m_c="0.000000" m_d="1.000000" m_tx="0.000000" m_ty="0.000000"/>
   <element name="swap_item" layername="sanity" frame="0" z_index="2" m_a="0.824825" m_b="0.000000" m_c="0.000000" m_d="0.824825" m_tx="0.000000" m_ty="-15.000000"/>
  </frame>
  <frame idx="725" w="129" h="258" x="0.000000" y="-54.000000">
   <element name="images" layername="bottl" frame="0" z_index="1" m_a="1.000000" m_b="0.000000" m_c="0.000000" m_d="1.000000" m_tx="0.000000" m_ty="0.000000"/>
   <element name="swap_item" layername="sanity" frame="0" z_index="2" m_a="0.818569" m_b="0.000000" m_c="0.000000" m_d="0.818569" m_tx="0.000000" m_ty="-15.000000"/>
  </frame>
  <frame idx="750" w="129" h="258" x="0.000000" y="-54.000000">
   <element name="images" layername="bottl" frame="0" z_index="1" m_a="1.000000" m_b="0.000000" m_c="0.000000" m_d="1.000000" m_tx="0.000000" m_ty="0.000000"/>
   <element name="swap_item" layername="sanity" frame="0" z_index="2" m_a="0.812312" m_b="0.000000" m_c="0.000000" m_d="0.812312" m_tx="0.000000" m_ty="-15.000000"/>
  </frame>
  <frame idx="775" w="129" h="258" x="0.000000" y="-54.000000">
   <element name="images" layername="bottl" frame="0" z_index="1" m_a="1.000000" m_b="0.000000" m_c="0.000000" m_d="1.000000" m_tx="0.000000" m_ty="0.000000"/>
   <element name="swap_item" layername="sanity" frame="0" z_index="2" m_a="0.806056" m_b="0.000000" m_c="0.000000" m_d="0.806056" m_tx="0.000000" m_ty="-15.000000"/>
  </frame>
  <frame idx="800" w="129" h="258" x="0.000000" y="-54.000000">
   <element name="images" layername="bottl" frame="0" z_index="1" m_a="1.000000" m_b="0.000000" m_c="0.000000" m_d="1.000000" m_tx="0.000000" m_ty="0.000000"/>
   <element name="swap_item" layername="sanity" frame="0" z_index="2" m_a="0.799800" m_b="0.000000" m_c="0.000000" m_d="0.799800" m_tx="0.000000" m_ty="-15.000000"/>
  </frame>
  <frame idx="825" w="129" h="258" x="0.000000" y="-54.000000">
   <element name="images" layername="bottl" frame="0" z_index="1" m_a="1.000000" m_b="0.000000" m_c="0.000000" m_d="1.000000" m_tx="0.000000" m_ty="0.000000"/>
   <element name="swap_item" layername="sanity" frame="0" z_index="2" m_a="0.793544" m_b="0.000000" m_c="0.000000" m_d="0.793544" m_tx="0.000000" m_ty="-15.000000"/>
  </frame>
  <frame idx="850" w="129" h="258" x="0.000000" y="-54.000000">
   <element name="images" layername="bottl" frame="0" z_index="1" m_a="1.000000" m_b="0.000000" m_c="0.000000" m_d="1.000000" m_tx="0.000000" m_ty="0.000000"/>
   <element name="swap_item" layername="sanity" frame="0" z_index="2" m_a="0.787287" m_b="0.000000" m_c="0.000000" m_d="0.787287" m_tx="0.000000" m_ty="-15.000000"/>
  </frame>
  <frame idx="875" w="129" h="258" x="0.000000" y="-54.000000">
   <element name="images" layername="bottl" frame="0" z_index="1" m_a="1.000000" m_b="0.000000" m_c="0.000000" m_d="1.000000" m_tx="0.000000" m_ty="0.000000"/>
   <element name="swap_item" layername="sanity" frame="0" z_index="2" m_a="0.781031" m_b="0.000000" m_c="0.000000" m_d="0.781031" m_tx="0.000000" m_ty="-15.000000"/>
  </frame>
  <frame idx="900" w="129" h="258" x="0.000000" y="-54.000000">
   <element name="images" layername="bottl" frame="0" z_index="1" m_a="1.000000" m_b="0.000000" m_c="0.000000" m_d="1.000000" m_tx="0.000000" m_ty="0.000000"/>
   <element name="swap_item" layername="sanity" frame="0" z_index="2" m_a="0.774775" m_b="0.000000" m_c="0.000000" m_d="0.774775" m_tx="0.000000" m_ty="-15.000000"/>
  </frame>
  <frame idx="925" w="129" h="258" x="0.000000" y="-54.000000">
   <element name="images" layername="bottl" frame="0" z_index="1" m_a="1.000000" m_b="0.000000" m_c="0.000000" m_d="1.000000" m_tx="0.000000" m_ty="0.000000"/>
   <element name="swap_item" layername="sanity" frame="0" z_index="2" m_a="0.768519" m_b="0.000000" m_c="0.000000" m_d="0.768519" m_tx="0.000000" m_ty="-15.000000"/>
  </frame>
  <frame idx="950" w="129" h="258" x="0.000000" y="-54.000000">
   <element name="images" layername="bottl" frame="0" z_index="1" m_a="1.000000" m_b="0.000000" m_c="0.000000" m_d="1.000000" m_tx="0.000000" m_ty="0.000000"/>
   <element name="swap_item" layername="sanity" frame="0" z_index="2" m_a="0.762262" m_b="0.000000" m_c="0.000000" m_d="0.762262" m_tx="0.000000" m_ty="-15.000000"/>
  </frame>
  <frame idx="975" w="129" h="258" x="0.000000" y="-54.000000">
   <element name="images" layername="bottl" frame="0" z_index="1" m_a="1.000000" m_b="0.000000" m_c="0.000000" m_d="1.000000" m_tx="0.000000" m_ty="0.000000"/>
   <element name="swap_item" layername="sanity" frame="0" z_index="2" m_a="0.756006" m_b="0.000000" m_c="0.000000" m_d="0.756006" m_tx="0.000000" m_ty="-15.000000"/>
  </frame>
  <frame idx="1000" w="129" h="258" x="0.000000" y="-54.000000">
   <element name="images" layername="bottl" frame="0" z_index="1" m_a="1.000000" m_b="0.000000" m_c="0.000000" m_d="1.000000" m_tx="0.000000" m_ty="0.000000"/>
   <element name="swap_item" layername="sanity" frame="0" z_index="2" m_a="0.750250" m_b="0.000000" m_c="0.000000" m_d="0.750250" m_tx="0.000000" m_ty="-15.000000"/>
  </frame>
  <frame idx="1025" w="129" h="258" x="0.000000" y="-54.000000">
   <element name="images" layername="bottl" frame="0" z_index="1" m_a="1.000000" m_b="0.000000" m_c="0.000000" m_d="1.000000" m_tx="0.000000" m_ty="0.000000"/>
   <element name="swap_item" layername="sanity" frame="0" z_index="2" m_a="0.756494" m_b="0.000000" m_c="0.000000" m_d="0.756494" m_tx="0.000000" m_ty="-15.000000"/>
  </frame>
  <frame idx="1050" w="129" h="258" x="0.000000" y="-54.000000">
   <element name="images" layername="bottl" frame="0" z_index="1" m_a="1.000000" m_b="0.000000" m_c="0.000000" m_d="1.000000" m_tx="0.000000" m_ty="0.000000"/>
   <element name="swap_item" layername="sanity" frame="0" z_index="2" m_a="0.762737" m_b="0.000000" m_c="0.000000" m_d="0.762737" m_tx="0.000000" m_ty="-15.000000"/>
  </frame>
  <frame idx="1075" w="129" h="258" x="0.000000" y="-54.000000">
   <element name="images" layername="bottl" frame="0" z_index="1" m_a="1.000000" m_b="0.000000" m_c="0.000000" m_d="1.000000" m_tx="0.000000" m_ty="0.000000"/>
   <element name="swap_item" layername="sanity" frame="0" z_index="2" m_a="0.768981" m_b="0.000000" m_c="0.000000" m_d="0.768981" m_tx="0.000000" m_ty="-15.000000"/>
  </frame>
  <frame idx="1100" w="129" h="258" x="0.000000" y="-54.000000">
   <element name="images" layername="bottl" frame="0" z_index="1" m_a="1.000000" m_b="0.000000" m_c="0.000000" m_d="1.000000" m_tx="0.000000" m_ty="0.000000"/>
   <element name="swap_item" layername="sanity" frame="0" z_index="2" m_a="0.775225" m_b="0.000000" m_c="0.000000" m_d="0.775225" m_tx="0.000000" m_ty="-15.000000"/>
  </frame>
  <frame idx="1125" w="129" h="258" x="0.000000" y="-54.000000">
   <element name="images" layername="bottl" frame="0" z_index="1" m_a="1.000000" m_b="0.000000" m_c="0.000000" m_d="1.000000" m_tx="0.000000" m_ty="0.000000"/>
   <element name="swap_item" layername="sanity" frame="0" z_index="2" m_a="0.781469" m_b="0.000000" m_c="0.000000" m_d="0.781469" m_tx="0.000000" m_ty="-15.000000"/>
  </frame>
  <frame idx="1150" w="129" h="258" x="0.000000" y="-54.000000">
   <element name="images" layername="bottl" frame="0" z_index="1" m_a="1.000000" m_b="0.000000" m_c="0.000000" m_d="1.000000" m_tx="0.000000" m_ty="0.000000"/>
   <element name="swap_item" layername="sanity" frame="0" z_index="2" m_a="0.787712" m_b="0.000000" m_c="0.000000" m_d="0.787712" m_tx="0.000000" m_ty="-15.000000"/>
  </frame>
  <frame idx="1175" w="129" h="258" x="0.000000" y="-54.000000">
   <element name="images" layername="bottl" frame="0" z_index="1" m_a="1.000000" m_b="0.000000" m_c="0.000000" m_d="1.000000" m_tx="0.000000" m_ty="0.000000"/>
   <element name="swap_item" layername="sanity" frame="0" z_index="2" m_a="0.793956" m_b="0.000000" m_c="0.000000" m_d="0.793956" m_tx="0.000000" m_ty="-15.000000"/>
  </frame>
  <frame idx="1200" w="129" h="258" x="0.000000" y="-54.000000">
   <element name="images" layername="bottl" frame="0" z_index="1" m_a="1.000000" m_b="0.000000" m_c="0.000000" m_d="1.000000" m_tx="0.000000" m_ty="0.000000"/>
   <element name="swap_item" layername="sanity" frame="0" z_index="2" m_a="0.800200" m_b="0.000000" m_c="0.000000" m_d="0.800200" m_tx="0.000000" m_ty="-15.000000"/>
  </frame>
  <frame idx="1225" w="129" h="258" x="0.000000" y="-54.000000">
   <element name="images" layername="bottl" frame="0" z_index="1" m_a="1.000000" m_b="0.000000" m_c="0.000000" m_d="1.000000" m_tx="0.000000" m_ty="0.000000"/>
   <element name="swap_item" layername="sanity" frame="0" z_index="2" m_a="0.806444" m_b="0.000000" m_c="0.000000" m_d="0.806444" m_tx="0.000000" m_ty="-15.000000"/>
  </frame>
  <frame idx="1250" w="129" h="258" x="0.000000" y="-54.000000">
   <element name="images" layername="bottl" frame="0" z_index="1" m_a="1.000000" m_b="0.000000" m_c="0.000000" m_d="1.000000" m_tx="0.000000" m_ty="0.000000"/>
   <element name="swap_item" layername="sanity" frame="0" z_index="2" m_a="0.812687" m_b="0.000000" m_c="0.000000" m_d="0.812687" m_tx="0.000000" m_ty="-15.000000"/>
  </frame>
  <frame idx="1275" w="129" h="258" x="0.000000" y="-54.000000">
   <element name="images" layername="bottl" frame="0" z_index="1" m_a="1.000000" m_b="0.000000" m_c="0.000000" m_d="1.000000" m_tx="0.000000" m_ty="0.000000"/>
   <element name="swap_item" layername="sanity" frame="0" z_index="2" m_a="0.818931" m_b="0.000000" m_c="0.000000" m_d="0.818931" m_tx="0.000000" m_ty="-15.000000"/>
  </frame>
  <frame idx="1300" w="129" h="258" x="0.000000" y="-54.000000">
   <element name="images" layername="bottl" frame="0" z_index="1" m_a="1.000000" m_b="0.000000" m_c="0.000000" m_d="1.000000" m_tx="0.000000" m_ty="0.000000"/>
   <element name="swap_item" layername="sanity" frame="0" z_index="2" m_a="0.825175" m_b="0.000000" m_c="0.000000" m_d="0.825175" m_tx="0.000000" m_ty="-15.000000"/>
  </frame>
  <frame idx="1325" w="129" h="258" x="0.000000" y="-54.000000">
   <element name="images" layername="bottl" frame="0" z_index="1" m_a="1.000000" m_b="0.000000" m_c="0.000000" m_d="1.000000" m_tx="0.000000" m_ty="0.000000"/>
   <element name="swap_item" layername="sanity" frame="0" z_index="2" m_a="0.831419" m_b="0.000000" m_c="0.000000" m_d="0.831419" m_tx="0.000000" m_ty="-15.000000"/>
  </frame>
  <frame idx="1350" w="129" h="258" x="0.000000" y="-54.000000">
   <element name="images" layername="bottl" frame="0" z_index="1" m_a="1.000000" m_b="0.000000" m_c="0.000000" m_d="1.000000" m_tx="0.000000" m_ty="0.000000"/>
   <element name="swap_item" layername="sanity" frame="0" z_index="2" m_a="0.837662" m_b="0.000000" m_c="0.000000" m_d="0.837662" m_tx="0.000000" m_ty="-15.000000"/>
  </frame>
  <frame idx="1375" w="129" h="258" x="0.000000" y="-54.000000">
   <element name="images" layername="bottl" frame="0" z_index="1" m_a="1.000000" m_b="0.000000" m_c="0.000000" m_d="1.000000" m_tx="0.000000" m_ty="0.000000"/>
   <element name="swap_item" layername="sanity" frame="0" z_index="2" m_a="0.843906" m_b="0.000000" m_c="0.000000" m_d="0.843906" m_tx="0.000000" m_ty="-15.000000"/>
  </frame>
  <frame idx="1400" w="129" h="258" x="0.000000" y="-54.000000">
   <element name="images" layername="bottl" frame="0" z_index="1" m_a="1.000000" m_b="0.000000" m_c="0.000000" m_d="1.000000" m_tx="0.000000" m_ty="0.000000"/>
   <element name="swap_item" layername="sanity" frame="0" z_index="2" m_a="0.850150" m_b="0.000000" m_c="0.000000" m_d="0.850150" m_tx="0.000000" m_ty="-15.000000"/>
  </frame>
  <frame idx="1425" w="129" h="258" x="0.000000" y="-54.000000">
   <element name="images" layername="bottl" frame="0" z_index="1" m_a="1.000000" m_b="0.000000" m_c="0.000000" m_d="1.000000" m_tx="0.000000" m_ty="0.000000"/>
   <element name="swap_item" layername="sanity" frame="0" z_index="2" m_a="0.856394" m_b="0.000000" m_c="0.000000" m_d="0.856394" m_tx="0.000000" m_ty="-15.000000"/>
  </frame>
  <frame idx="1450" w="129" h="258" x="0.000000" y="-54.000000">
   <element name="images" layername="bottl" frame="0" z_index="1" m_a="1.000000" m_b="0.000000" m_c="0.000000" m_d="1.000000" m_tx="0.000000" m_ty="0.000000"/>
   <element name="swap_item" layername="sanity" frame="0" z_index="2" m_a="0.862637" m_b="0.000000" m_c="0.000000" m_d="0.862637" m_tx="0.000000" m_ty="-15.000000"/>
  </frame>
  <frame idx="1475" w="129" h="258" x="0.000000" y="-54.000000">
   <element name="images" layername="bottl" frame="0" z_index="1" m_a="1.000000" m_b="0.000000" m_c="0.000000" m_d="1.000000" m_tx="0.000000" m_ty="0.000000"/>
   <element name="swap_item" layername="sanity" frame="0" z_index="2" m_a="0.868881" m_b="0.000000" m_c="0.000000" m_d="0.868881" m_tx="0.000000" m_ty="-15.000000"/>
  </frame>
  <frame idx="1500" w="129" h="258" x="0.000000" y="-54.000000">
   <element name="images" layername="bottl" frame="0" z_index="1" m_a="1.000000" m_b="0.000000" m_c="0.000000" m_d="1.000000" m_tx="0.000000" m_ty="0.000000"/>
   <element name="swap_item" layername="sanity" frame="0" z_index="2" m_a="0.875125" m_b="0.000000" m_c="0.000000" m_d="0.875125" m_tx="0.000000" m_ty="-15.000000"/>
  </frame>
  <frame idx="1525" w="129" h="258" x="0.000000" y="-54.000000">
   <element name="images" layername="bottl" frame="0" z_index="1" m_a="1.000000" m_b="0.000000" m_c="0.000000" m_d="1.000000" m_tx="0.000000" m_ty="0.000000"/>
   <element name="swap_item" layername="sanity" frame="0" z_index="2" m_a="0.881369" m_b="0.000000" m_c="0.000000" m_d="0.881369" m_tx="0.000000" m_ty="-15.000000"/>
  </frame>
  <frame idx="1550" w="129" h="258" x="0.000000" y="-54.000000">
   <element name="images" layername="bottl" frame="0" z_index="1" m_a="1.000000" m_b="0.000000" m_c="0.000000" m_d="1.000000" m_tx="0.000000" m_ty="0.000000"/>
   <element name="swap_item" layername="sanity" frame="0" z_index="2" m_a="0.887612" m_b="0.000000" m_c="0.000000" m_d="0.887612" m_tx="0.000000" m_ty="-15.000000"/>
  </frame>
  <frame idx="1575" w="129" h="258" x="0.000000" y="-54.000000">
   <element name="images" layername="bottl" frame="0" z_index="1" m_a="1.000000" m_b="0.000000" m_c="0.000000" m_d="1.000000" m_tx="0.000000" m_ty="0.000000"/>
   <element name="swap_item" layername="sanity" frame="0" z_index="2" m_a="0.893856" m_b="0.000000" m_c="0.000000" m_d="0.893856" m_tx="0.000000" m_ty="-15.000000"/>
  </frame>
  <frame idx="1600" w="129" h="258" x="0.000000" y="-54.000000">
   <element name="images" layername="bottl" frame="0" z_index="1" m_a="1.000000" m_b="0.000000" m_c="0.000000" m_d="1.000000" m_tx="0.000000" m_ty="0.000000"/>
   <element name="swap_item" layername="sanity" frame="0" z_index="2" m_a="0.900100" m_b="0.000000" m_c="0.000000" m_d="0.900100" m_tx="0.000000" m_ty="-15.000000"/>
  </frame>
  <frame idx="1625" w="129" h="258" x="0.000000" y="-54.000000">
   <element name="images" layername="bottl" frame="0" z_index="1" m_a="1.000000" m_b="0.000000" m_c="0.000000" m_d="1.000000" m_tx="0.000000" m_ty="0.000000"/>
   <element name="swap_item" layername="sanity" frame="0" z_index="2" m_a="0.906344" m_b="0.000000" m_c="0.000000" m_d="0.906344" m_tx="0.000000" m_ty="-15.000000"/>
  </frame>
  <frame idx="1650" w="129" h="258" x="0.000000" y="-54.000000">
   <element name="images" layername="bottl" frame="0" z_index="1" m_a="1.000000" m_b="0.000000" m_c="0.000000" m_d="1.000000" m_tx="0.000000" m_ty="0.000000"/>
   <element name="swap_item" layername="sanity" frame="0" z_index="2" m_a="0.912587" m_b="0.000000" m_c="0.000000" m_d="0.912587" m_tx="0.000000" m_ty="-15.000000"/>
  </frame>
  <frame idx="1675" w="129" h="258" x="0.000000" y="-54.000000">
   <element name="images" layername="bottl" frame="0" z_index="1" m_a="1.000000" m_b="0.000000" m_c="0.000000" m_d="1.000000" m_tx="0.000000" m_ty="0.000000"/>
   <element name="swap_item" layername="sanity" frame="0" z_index="2" m_a="0.918831" m_b="0.000000" m_c="0.000000" m_d="0.918831" m_tx="0.000000" m_ty="-15.000000"/>
  </frame>
  <frame idx="1700" w="129" h="258" x="0.000000" y="-54.000000">
   <element name="images" layername="bottl" frame="0" z_index="1" m_a="1.000000" m_b="0.000000" m_c="0.000000" m_d="1.000000" m_tx="0.000000" m_ty="0.000000"/>
   <element name="swap_item" layername="sanity" frame="0" z_index="2" m_a="0.925075" m_b="0.000000" m_c="0.000000" m_d="0.925075" m_tx="0.000000" m_ty="-15.000000"/>
  </frame>
  <frame idx="1725" w="129" h="258" x="0.000000" y="-54.000000">
   <element name="images" layername="bottl" frame="0" z_index="1" m_a="1.000000" m_b="0.000000" m_c="0.000000" m_d="1.000000" m_tx="0.000000" m_ty="0.000000"/>
   <element name="swap_item" layername="sanity" frame="0" z_index="2" m_a="0.931319" m_b="0.000000" m_c="0.000000" m_d="0.931319" m_tx="0.000000" m_ty="-15.000000"/>
  </frame>
  <frame idx="1750" w="129" h="258" x="0.000000" y="-54.000000">
   <element name="images" layername="bottl" frame="0" z_index="1" m_a="1.000000" m_b="0.000000" m_c="0.000000" m_d="1.000000" m_tx="0.000000" m_ty="0.000000"/>
   <element name="swap_item" layername="sanity" frame="0" z_index="2" m_a="0.937562" m_b="0.000000" m_c="0.000000" m_d="0.937562" m_tx="0.000000" m_ty="-15.000000"/>
  </frame>
  <frame idx="1775" w="129" h="258" x="0.000000" y="-54.000000">
   <element name="images" layername="bottl" frame="0" z_index="1" m_a="1.000000" m_b="0.000000" m_c="0.000000" m_d="1.000000" m_tx="0.000000" m_ty="0.000000"/>
   <element name="swap_item" layername="sanity" frame="0" z_index="2" m_a="0.943806" m_b="0.000000" m_c="0.000000" m_d="0.943806" m_tx="0.000000" m_ty="-15.000000"/>
  </frame>
  <frame idx="1800" w="129" h="258" x="0.000000" y="-54.000000">
   <element name="images" layername="bottl" frame="0" z_index="1" m_a="1.000000" m_b="0.000000" m_c="0.000000" m_d="1.000000" m_tx="0.000000" m_ty="0.000000"/>
   <element name="swap_item" layername="sanity" frame="0" z_index="2" m_a="0.950050" m_b="0.000000" m_c="0.000000" m_d="0.950050" m_tx="0.000000" m_ty="-15.000000"/>
  </frame>
  <frame idx="1825" w="129" h="258" x="0.000000" y="-54.000000">
   <element name="images" layername="bottl" frame="0" z_index="1" m_a="1.000000" m_b="0.000000" m_c="0.000000" m_d="1.000000" m_tx="0.000000" m_ty="0.000000"/>
   <element name="swap_item" layername="sanity" frame="0" z_index="2" m_a="0.956294" m_b="0.000000" m_c="0.000000" m_d="0.956294" m_tx="0.000000" m_ty="-15.000000"/>
  </frame>
  <frame idx="1850" w="129" h="258" x="0.000000" y="-54.000000">
   <element name="images" layername="bottl" frame="0" z_index="1" m_a="1.000000" m_b="0.000000" m_c="0.000000" m_d="1.000000" m_tx="0.000000" m_ty="0.000000"/>
   <element name="swap_item" layername="sanity" frame="0" z_index="2" m_a="0.962537" m_b="0.000000" m_c="0.000000" m_d="0.962537" m_tx="0.000000" m_ty="-15.000000"/>
  </frame>
  <frame idx="1875" w="129" h="258" x="0.000000" y="-54.000000">
   <element name="images" layername="bottl" frame="0" z_index="1" m_a="1.000000" m_b="0.000000" m_c="0.000000" m_d="1.000000" m_tx="0.000000" m_ty="0.000000"/>
   <element name="swap_item" layername="sanity" frame="0" z_index="2" m_a="0.968781" m_b="0.000000" m_c="0.000000" m_d="0.968781" m_tx="0.000000" m_ty="-15.000000"/>
  </frame>
  <frame idx="1900" w="129" h="258" x="0.000000" y="-54.000000">
   <element name="images" layername="bottl" frame="0" z_index="1" m_a="1.000000" m_b="0.000000" m_c="0.000000" m_d="1.000000" m_tx="0.000000" m_ty="0.000000"/>
   <element name="swap_item" layername="sanity" frame="0" z_index="2" m_a="0.975025" m_b="0.000000" m_c="0.000000" m_d="0.975025" m_tx="0.000000" m_ty="-15.000000"/>
  </frame>
  <frame idx="1925" w="129" h="258" x="0.000000" y="-54.000000">
   <element name="images" layername="bottl" frame="0" z_index="1" m_a="1.000000" m_b="0.000000" m_c="0.000000" m_d="1.000000" m_tx="0.000000" m_ty="0.000000"/>
   <element name="swap_item" layername="sanity" frame="0" z_index="2" m_a="0.981269" m_b="0.000000" m_c="0.000000" m_d="0.981269" m_tx="0.000000" m_ty="-15.000000"/>
  </frame>
  <frame idx="1950" w="129" h="258" x="0.000000" y="-54.000000">
   <element name="images" layername="bottl" frame="0" z_index="1" m_a="1.000000" m_b="0.000000" m_c="0.000000" m_d="1.000000" m_tx="0.000000" m_ty="0.000000"/>
   <element name="swap_item" layername="sanity" frame="0" z_index="2" m_a="0.987512" m_b="0.000000" m_c="0.000000" m_d="0.987512" m_tx="0.000000" m_ty="-15.000000"/>
  </frame>
  <frame idx="1975" w="129" h="258" x="0.000000" y="-54.000000">
   <element name="images" layername="bottl" frame="0" z_index="1" m_a="1.000000" m_b="0.000000" m_c="0.000000" m_d="1.000000" m_tx="0.000000" m_ty="0.000000"/>
   <element name="swap_item" layername="sanity" frame="0" z_index="2" m_a="0.993756" m_b="0.000000" m_c="0.000000" m_d="0.993756" m_tx="0.000000" m_ty="-15.000000"/>
  </frame>
  <frame idx="2000" w="129" h="258" x="0.000000" y="-54.000000">
   <element name="images" layername="bottl" frame="0" z_index="1" m_a="1.000000" m_b="0.000000" m_c="0.000000" m_d="1.000000" m_tx="0.000000" m_ty="0.000000"/>
   <element name="swap_item" layername="sanity" frame="0" z_index="2" m_a="1.000000" m_b="0.000000" m_c="0.000000" m_d="1.000000" m_tx="0.000000" m_ty="-15.000000"/>
  </frame>
  <frame idx="2025" w="129" h="258" x="0.000000" y="-54.000000">
   <element name="images" layername="bottl" frame="0" z_index="1" m_a="1.000000" m_b="0.000000" m_c="0.000000" m_d="1.000000" m_tx="0.000000" m_ty="0.000000"/>
   <element name="swap_item" layername="sanity" frame="0" z_index="2" m_a="0.993750" m_b="0.000000" m_c="0.000000" m_d="0.993750" m_tx="0.000000" m_ty="-15.000000"/>
  </frame>
  <frame idx="2050" w="129" h="258" x="0.000000" y="-54.000000">
   <element name="images" layername="bottl" frame="0" z_index="1" m_a="1.000000" m_b="0.000000" m_c="0.000000" m_d="1.000000" m_tx="0.000000" m_ty="0.000000"/>
   <element name="swap_item" layername="sanity" frame="0" z_index="2" m_a="0.987500" m_b="0.000000" m_c="0.000000" m_d="0.987500" m_tx="0.000000" m_ty="-15.000000"/>
  </frame>
  <frame idx="2075" w="129" h="258" x="0.000000" y="-54.000000">
   <element name="images" layername="bottl" frame="0" z_index="1" m_a="1.000000" m_b="0.000000" m_c="0.000000" m_d="1.000000" m_tx="0.000000" m_ty="0.000000"/>
   <element name="swap_item" layername="sanity" frame="0" z_index="2" m_a="0.981250" m_b="0.000000" m_c="0.000000" m_d="0.981250" m_tx="0.000000" m_ty="-15.000000"/>
  </frame>
  <frame idx="2100" w="129" h="258" x="0.000000" y="-54.000000">
   <element name="images" layername="bottl" frame="0" z_index="1" m_a="1.000000" m_b="0.000000" m_c="0.000000" m_d="1.000000" m_tx="0.000000" m_ty="0.000000"/>
   <element name="swap_item" layername="sanity" frame="0" z_index="2" m_a="0.975000" m_b="0.000000" m_c="0.000000" m_d="0.975000" m_tx="0.000000" m_ty="-15.000000"/>
  </frame>
  <frame idx="2125" w="129" h="258" x="0.000000" y="-54.000000">
   <element name="images" layername="bottl" frame="0" z_index="1" m_a="1.000000" m_b="0.000000" m_c="0.000000" m_d="1.000000" m_tx="0.000000" m_ty="0.000000"/>
   <element name="swap_item" layername="sanity" frame="0" z_index="2" m_a="0.968750" m_b="0.000000" m_c="0.000000" m_d="0.968750" m_tx="0.000000" m_ty="-15.000000"/>
  </frame>
  <frame idx="2150" w="129" h="258" x="0.000000" y="-54.000000">
   <element name="images" layername="bottl" frame="0" z_index="1" m_a="1.000000" m_b="0.000000" m_c="0.000000" m_d="1.000000" m_tx="0.000000" m_ty="0.000000"/>
   <element name="swap_item" layername="sanity" frame="0" z_index="2" m_a="0.962500" m_b="0.000000" m_c="0.000000" m_d="0.962500" m_tx="0.000000" m_ty="-15.000000"/>
  </frame>
  <frame idx="2175" w="129" h="258" x="0.000000" y="-54.000000">
   <element name="images" layername="bottl" frame="0" z_index="1" m_a="1.000000" m_b="0.000000" m_c="0.000000" m_d="1.000000" m_tx="0.000000" m_ty="0.000000"/>
   <element name="swap_item" layername="sanity" frame="0" z_index="2" m_a="0.956250" m_b="0.000000" m_c="0.000000" m_d="0.956250" m_tx="0.000000" m_ty="-15.000000"/>
  </frame>
  <frame idx="2200" w="129" h="258" x="0.000000" y="-54.000000">
   <element name="images" layername="bottl" frame="0" z_index="1" m_a="1.000000" m_b="0.000000" m_c="0.000000" m_d="1.000000" m_tx="0.000000" m_ty="0.000000"/>
   <element name="swap_item" layername="sanity" frame="0" z_index="2" m_a="0.950000" m_b="0.000000" m_c="0.000000" m_d="0.950000" m_tx="0.000000" m_ty="-15.000000"/>
  </frame>
  <frame idx="2225" w="129" h="258" x="0.000000" y="-54.000000">
   <element name="images" layername="bottl" frame="0" z_index="1" m_a="1.000000" m_b="0.000000" m_c="0.000000" m_d="1.000000" m_tx="0.000000" m_ty="0.000000"/>
   <element name="swap_item" layername="sanity" frame="0" z_index="2" m_a="0.943750" m_b="0.000000" m_c="0.000000" m_d="0.943750" m_tx="0.000000" m_ty="-15.000000"/>
  </frame>
  <frame idx="2250" w="129" h="258" x="0.000000" y="-54.000000">
   <element name="images" layername="bottl" frame="0" z_index="1" m_a="1.000000" m_b="0.000000" m_c="0.000000" m_d="1.000000" m_tx="0.000000" m_ty="0.000000"/>
   <element name="swap_item" layername="sanity" frame="0" z_index="2" m_a="0.937500" m_b="0.000000" m_c="0.000000" m_d="0.937500" m_tx="0.000000" m_ty="-15.000000"/>
  </frame>
  <frame idx="2275" w="129" h="258" x="0.000000" y="-54.000000">
   <element name="images" layername="bottl" frame="0" z_index="1" m_a="1.000000" m_b="0.000000" m_c="0.000000" m_d="1.000000" m_tx="0.000000" m_ty="0.000000"/>
   <element name="swap_item" layername="sanity" frame="0" z_index="2" m_a="0.931250" m_b="0.000000" m_c="0.000000" m_d="0.931250" m_tx="0.000000" m_ty="-15.000000"/>
  </frame>
  <frame idx="2300" w="129" h="258" x="0.000000" y="-54.000000">
   <element name="images" layername="bottl" frame="0" z_index="1" m_a="1.000000" m_b="0.000000" m_c="0.000000" m_d="1.000000" m_tx="0.000000" m_ty="0.000000"/>
   <element name="swap_item" layername="sanity" frame="0" z_index="2" m_a="0.925000" m_b="0.000000" m_c="0.000000" m_d="0.925000" m_tx="0.000000" m_ty="-15.000000"/>
  </frame>
  <frame idx="2325" w="129" h="258" x="0.000000" y="-54.000000">
   <element name="images" layername="bottl" frame="0" z_index="1" m_a="1.000000" m_b="0.000000" m_c="0.000000" m_d="1.000000" m_tx="0.000000" m_ty="0.000000"/>
   <element name="swap_item" layername="sanity" frame="0" z_index="2" m_a="0.918750" m_b="0.000000" m_c="0.000000" m_d="0.918750" m_tx="0.000000" m_ty="-15.000000"/>
  </frame>
  <frame idx="2350" w="129" h="258" x="0.000000" y="-54.000000">
   <element name="images" layername="bottl" frame="0" z_index="1" m_a="1.000000" m_b="0.000000" m_c="0.000000" m_d="1.000000" m_tx="0.000000" m_ty="0.000000"/>
   <element name="swap_item" layername="sanity" frame="0" z_index="2" m_a="0.912500" m_b="0.000000" m_c="0.000000" m_d="0.912500" m_tx="0.000000" m_ty="-15.000000"/>
  </frame>
  <frame idx="2375" w="129" h="258" x="0.000000" y="-54.000000">
   <element name="images" layername="bottl" frame="0" z_index="1" m_a="1.000000" m_b="0.000000" m_c="0.000000" m_d="1.000000" m_tx="0.000000" m_ty="0.000000"/>
   <element name="swap_item" layername="sanity" frame="0" z_index="2" m_a="0.906250" m_b="0.000000" m_c="0.000000" m_d="0.906250" m_tx="0.000000" m_ty="-15.000000"/>
  </frame>
  <frame idx="2400" w="129" h="258" x="0.000000" y="-54.000000">
   <element name="images" layername="bottl" frame="0" z_index="1" m_a="1.000000" m_b="0.000000" m_c="0.000000" m_d="1.000000" m_tx="0.000000" m_ty="0.000000"/>
   <element name="swap_item" layername="sanity" frame="0" z_index="2" m_a="0.900000" m_b="0.000000" m_c="0.000000" m_d="0.900000" m_tx="0.000000" m_ty="-15.000000"/>
  </frame>
  <frame idx="2425" w="129" h="258" x="0.000000" y="-54.000000">
   <element name="images" layername="bottl" frame="0" z_index="1" m_a="1.000000" m_b="0.000000" m_c="0.000000" m_d="1.000000" m_tx="0.000000" m_ty="0.000000"/>
   <element name="swap_item" layername="sanity" frame="0" z_index="2" m_a="0.893750" m_b="0.000000" m_c="0.000000" m_d="0.893750" m_tx="0.000000" m_ty="-15.000000"/>
  </frame>
  <frame idx="2450" w="129" h="258" x="0.000000" y="-54.000000">
   <element name="images" layername="bottl" frame="0" z_index="1" m_a="1.000000" m_b="0.000000" m_c="0.000000" m_d="1.000000" m_tx="0.000000" m_ty="0.000000"/>
   <element name="swap_item" layername="sanity" frame="0" z_index="2" m_a="0.887500" m_b="0.000000" m_c="0.000000" m_d="0.887500" m_tx="0.000000" m_ty="-15.000000"/>
  </frame>
  <frame idx="2475" w="129" h="258" x="0.000000" y="-54.000000">
   <element name="images" layername="bottl" frame="0" z_index="1" m_a="1.000000" m_b="0.000000" m_c="0.000000" m_d="1.000000" m_tx="0.000000" m_ty="0.000000"/>
   <element name="swap_item" layername="sanity" frame="0" z_index="2" m_a="0.881250" m_b="0.000000" m_c="0.000000" m_d="0.881250" m_tx="0.000000" m_ty="-15.000000"/>
  </frame>
  <frame idx="2500" w="129" h="258" x="0.000000" y="-54.000000">
   <element name="images" layername="bottl" frame="0" z_index="1" m_a="1.000000" m_b="0.000000" m_c="0.000000" m_d="1.000000" m_tx="0.000000" m_ty="0.000000"/>
   <element name="swap_item" layername="sanity" frame="0" z_index="2" m_a="0.875000" m_b="0.000000" m_c="0.000000" m_d="0.875000" m_tx="0.000000" m_ty="-15.000000"/>
  </frame>
  <frame idx="2525" w="129" h="258" x="0.000000" y="-54.000000">
   <element name="images" layername="bottl" frame="0" z_index="1" m_a="1.000000" m_b="0.000000" m_c="0.000000" m_d="1.000000" m_tx="0.000000" m_ty="0.000000"/>
   <element name="swap_item" layername="sanity" frame="0" z_index="2" m_a="0.868750" m_b="0.000000" m_c="0.000000" m_d="0.868750" m_tx="0.000000" m_ty="-15.000000"/>
  </frame>
  <frame idx="2550" w="129" h="258" x="0.000000" y="-54.000000">
   <element name="images" layername="bottl" frame="0" z_index="1" m_a="1.000000" m_b="0.000000" m_c="0.000000" m_d="1.000000" m_tx="0.000000" m_ty="0.000000"/>
   <element name="swap_item" layername="sanity" frame="0" z_index="2" m_a="0.862500" m_b="0.000000" m_c="0.000000" m_d="0.862500" m_tx="0.000000" m_ty="-15.000000"/>
  </frame>
  <frame idx="2575" w="129" h="258" x="0.000000" y="-54.000000">
   <element name="images" layername="bottl" frame="0" z_index="1" m_a="1.000000" m_b="0.000000" m_c="0.000000" m_d="1.000000" m_tx="0.000000" m_ty="0.000000"/>
   <element name="swap_item" layername="sanity" frame="0" z_index="2" m_a="0.856250" m_b="0.000000" m_c="0.000000" m_d="0.856250" m_tx="0.000000" m_ty="-15.000000"/>
  </frame>
  <frame idx="2600" w="129" h="258" x="0.000000" y="-54.000000">
   <element name="images" layername="bottl" frame="0" z_index="1" m_a="1.000000" m_b="0.000000" m_c="0.000000" m_d="1.000000" m_tx="0.000000" m_ty="0.000000"/>
   <element name="swap_item" layername="sanity" frame="0" z_index="2" m_a="0.850000" m_b="0.000000" m_c="0.000000" m_d="0.850000" m_tx="0.000000" m_ty="-15.000000"/>
  </frame>
  <frame idx="2625" w="129" h="258" x="0.000000" y="-54.000000">
   <element name="images" layername="bottl" frame="0" z_index="1" m_a="1.000000" m_b="0.000000" m_c="0.000000" m_d="1.000000" m_tx="0.000000" m_ty="0.000000"/>
   <element name="swap_item" layername="sanity" frame="0" z_index="2" m_a="0.843750" m_b="0.000000" m_c="0.000000" m_d="0.843750" m_tx="0.000000" m_ty="-15.000000"/>
  </frame>
  <frame idx="2650" w="129" h="258" x="0.000000" y="-54.000000">
   <element name="images" layername="bottl" frame="0" z_index="1" m_a="1.000000" m_b="0.000000" m_c="0.000000" m_d="1.000000" m_tx="0.000000" m_ty="0.000000"/>
   <element name="swap_item" layername="sanity" frame="0" z_index="2" m_a="0.837500" m_b="0.000000" m_c="0.000000" m_d="0.837500" m_tx="0.000000" m_ty="-15.000000"/>
  </frame>
  <frame idx="2675" w="129" h="258" x="0.000000" y="-54.000000">
   <element name="images" layername="bottl" frame="0" z_index="1" m_a="1.000000" m_b="0.000000" m_c="0.000000" m_d="1.000000" m_tx="0.000000" m_ty="0.000000"/>
   <element name="swap_item" layername="sanity" frame="0" z_index="2" m_a="0.831250" m_b="0.000000" m_c="0.000000" m_d="0.831250" m_tx="0.000000" m_ty="-15.000000"/>
  </frame>
  <frame idx="2700" w="129" h="258" x="0.000000" y="-54.000000">
   <element name="images" layername="bottl" frame="0" z_index="1" m_a="1.000000" m_b="0.000000" m_c="0.000000" m_d="1.000000" m_tx="0.000000" m_ty="0.000000"/>
   <element name="swap_item" layername="sanity" frame="0" z_index="2" m_a="0.825000" m_b="0.000000" m_c="0.000000" m_d="0.825000" m_tx="0.000000" m_ty="-15.000000"/>
  </frame>
  <frame idx="2725" w="129" h="258" x="0.000000" y="-54.000000">
   <element name="images" layername="bottl" frame="0" z_index="1" m_a="1.000000" m_b="0.000000" m_c="0.000000" m_d="1.000000" m_tx="0.000000" m_ty="0.000000"/>
   <element name="swap_item" layername="sanity" frame="0" z_index="2" m_a="0.818750" m_b="0.000000" m_c="0.000000" m_d="0.818750" m_tx="0.000000" m_ty="-15.000000"/>
  </frame>
  <frame idx="2750" w="129" h="258" x="0.000000" y="-54.000000">
   <element name="images" layername="bottl" frame="0" z_index="1" m_a="1.000000" m_b="0.000000" m_c="0.000000" m_d="1.000000" m_tx="0.000000" m_ty="0.000000"/>
   <element name="swap_item" layername="sanity" frame="0" z_index="2" m_a="0.812500" m_b="0.000000" m_c="0.000000" m_d="0.812500" m_tx="0.000000" m_ty="-15.000000"/>
  </frame>
  <frame idx="2775" w="129" h="258" x="0.000000" y="-54.000000">
   <element name="images" layername="bottl" frame="0" z_index="1" m_a="1.000000" m_b="0.000000" m_c="0.000000" m_d="1.000000" m_tx="0.000000" m_ty="0.000000"/>
   <element name="swap_item" layername="sanity" frame="0" z_index="2" m_a="0.806250" m_b="0.000000" m_c="0.000000" m_d="0.806250" m_tx="0.000000" m_ty="-15.000000"/>
  </frame>
  <frame idx="2800" w="129" h="258" x="0.000000" y="-54.000000">
   <element name="images" layername="bottl" frame="0" z_index="1" m_a="1.000000" m_b="0.000000" m_c="0.000000" m_d="1.000000" m_tx="0.000000" m_ty="0.000000"/>
   <element name="swap_item" layername="sanity" frame="0" z_index="2" m_a="0.800000" m_b="0.000000" m_c="0.000000" m_d="0.800000" m_tx="0.000000" m_ty="-15.000000"/>
  </frame>
  <frame idx="2825" w="129" h="258" x="0.000000" y="-54.000000">
   <element name="images" layername="bottl" frame="0" z_index="1" m_a="1.000000" m_b="0.000000" m_c="0.000000" m_d="1.000000" m_tx="0.000000" m_ty="0.000000"/>
   <element name="swap_item" layername="sanity" frame="0" z_index="2" m_a="0.793750" m_b="0.000000" m_c="0.000000" m_d="0.793750" m_tx="0.000000" m_ty="-15.000000"/>
  </frame>
  <frame idx="2850" w="129" h="258" x="0.000000" y="-54.000000">
   <element name="images" layername="bottl" frame="0" z_index="1" m_a="1.000000" m_b="0.000000" m_c="0.000000" m_d="1.000000" m_tx="0.000000" m_ty="0.000000"/>
   <element name="swap_item" layername="sanity" frame="0" z_index="2" m_a="0.787500" m_b="0.000000" m_c="0.000000" m_d="0.787500" m_tx="0.000000" m_ty="-15.000000"/>
  </frame>
  <frame idx="2875" w="129" h="258" x="0.000000" y="-54.000000">
   <element name="images" layername="bottl" frame="0" z_index="1" m_a="1.000000" m_b="0.000000" m_c="0.000000" m_d="1.000000" m_tx="0.000000" m_ty="0.000000"/>
   <element name="swap_item" layername="sanity" frame="0" z_index="2" m_a="0.781250" m_b="0.000000" m_c="0.000000" m_d="0.781250" m_tx="0.000000" m_ty="-15.000000"/>
  </frame>
  <frame idx="2900" w="129" h="258" x="0.000000" y="-54.000000">
   <element name="images" layername="bottl" frame="0" z_index="1" m_a="1.000000" m_b="0.000000" m_c="0.000000" m_d="1.000000" m_tx="0.000000" m_ty="0.000000"/>
   <element name="swap_item" layername="sanity" frame="0" z_index="2" m_a="0.775000" m_b="0.000000" m_c="0.000000" m_d="0.775000" m_tx="0.000000" m_ty="-15.000000"/>
  </frame>
  <frame idx="2925" w="129" h="258" x="0.000000" y="-54.000000">
   <element name="images" layername="bottl" frame="0" z_index="1" m_a="1.000000" m_b="0.000000" m_c="0.000000" m_d="1.000000" m_tx="0.000000" m_ty="0.000000"/>
   <element name="swap_item" layername="sanity" frame="0" z_index="2" m_a="0.768750" m_b="0.000000" m_c="0.000000" m_d="0.768750" m_tx="0.000000" m_ty="-15.000000"/>
  </frame>
  <frame idx="2950" w="129" h="258" x="0.000000" y="-54.000000">
   <element name="images" layername="bottl" frame="0" z_index="1" m_a="1.000000" m_b="0.000000" m_c="0.000000" m_d="1.000000" m_tx="0.000000" m_ty="0.000000"/>
   <element name="swap_item" layername="sanity" frame="0" z_index="2" m_a="0.762500" m_b="0.000000" m_c="0.000000" m_d="0.762500" m_tx="0.000000" m_ty="-15.000000"/>
  </frame>
  <frame idx="2975" w="129" h="258" x="0.000000" y="-54.000000">
   <element name="images" layername="bottl" frame="0" z_index="1" m_a="1.000000" m_b="0.000000" m_c="0.000000" m_d="1.000000" m_tx="0.000000" m_ty="0.000000"/>
   <element name="swap_item" layername="sanity" frame="0" z_index="2" m_a="0.756250" m_b="0.000000" m_c="0.000000" m_d="0.756250" m_tx="0.000000" m_ty="-15.000000"/>
  </frame>
  <frame idx="3000" w="129" h="258" x="0.000000" y="-54.000000">
   <element name="images" layername="bottl" frame="0" z_index="1" m_a="1.000000" m_b="0.000000" m_c="0.000000" m_d="1.000000" m_tx="0.000000" m_ty="0.000000"/>
   <element name="swap_item" layername="sanity" frame="0" z_index="2" m_a="0.750000" m_b="0.000000" m_c="0.000000" m_d="0.750000" m_tx="0.000000" m_ty="-15.000000"/>
  </frame>
  <frame idx="3025" w="129" h="258" x="0.000000" y="-54.000000">
   <element name="images" layername="bottl" frame="0" z_index="1" m_a="1.000000" m_b="0.000000" m_c="0.000000" m_d="1.000000" m_tx="0.000000" m_ty="0.000000"/>
   <element name="swap_item" layername="sanity" frame="0" z_index="2" m_a="0.756250" m_b="0.000000" m_c="0.000000" m_d="0.756250" m_tx="0.000000" m_ty="-15.000000"/>
  </frame>
  <frame idx="3050" w="129" h="258" x="0.000000" y="-54.000000">
   <element name="images" layername="bottl" frame="0" z_index="1" m_a="1.000000" m_b="0.000000" m_c="0.000000" m_d="1.000000" m_tx="0.000000" m_ty="0.000000"/>
   <element name="swap_item" layername="sanity" frame="0" z_index="2" m_a="0.762500" m_b="0.000000" m_c="0.000000" m_d="0.762500" m_tx="0.000000" m_ty="-15.000000"/>
  </frame>
  <frame idx="3075" w="129" h="258" x="0.000000" y="-54.000000">
   <element name="images" layername="bottl" frame="0" z_index="1" m_a="1.000000" m_b="0.000000" m_c="0.000000" m_d="1.000000" m_tx="0.000000" m_ty="0.000000"/>
   <element name="swap_item" layername="sanity" frame="0" z_index="2" m_a="0.768750" m_b="0.000000" m_c="0.000000" m_d="0.768750" m_tx="0.000000" m_ty="-15.000000"/>
  </frame>
  <frame idx="3100" w="129" h="258" x="0.000000" y="-54.000000">
   <element name="images" layername="bottl" frame="0" z_index="1" m_a="1.000000" m_b="0.000000" m_c="0.000000" m_d="1.000000" m_tx="0.000000" m_ty="0.000000"/>
   <element name="swap_item" layername="sanity" frame="0" z_index="2" m_a="0.775000" m_b="0.000000" m_c="0.000000" m_d="0.775000" m_tx="0.000000" m_ty="-15.000000"/>
  </frame>
  <frame idx="3125" w="129" h="258" x="0.000000" y="-54.000000">
   <element name="images" layername="bottl" frame="0" z_index="1" m_a="1.000000" m_b="0.000000" m_c="0.000000" m_d="1.000000" m_tx="0.000000" m_ty="0.000000"/>
   <element name="swap_item" layername="sanity" frame="0" z_index="2" m_a="0.781250" m_b="0.000000" m_c="0.000000" m_d="0.781250" m_tx="0.000000" m_ty="-15.000000"/>
  </frame>
  <frame idx="3150" w="129" h="258" x="0.000000" y="-54.000000">
   <element name="images" layername="bottl" frame="0" z_index="1" m_a="1.000000" m_b="0.000000" m_c="0.000000" m_d="1.000000" m_tx="0.000000" m_ty="0.000000"/>
   <element name="swap_item" layername="sanity" frame="0" z_index="2" m_a="0.787500" m_b="0.000000" m_c="0.000000" m_d="0.787500" m_tx="0.000000" m_ty="-15.000000"/>
  </frame>
  <frame idx="3175" w="129" h="258" x="0.000000" y="-54.000000">
   <element name="images" layername="bottl" frame="0" z_index="1" m_a="1.000000" m_b="0.000000" m_c="0.000000" m_d="1.000000" m_tx="0.000000" m_ty="0.000000"/>
   <element name="swap_item" layername="sanity" frame="0" z_index="2" m_a="0.793750" m_b="0.000000" m_c="0.000000" m_d="0.793750" m_tx="0.000000" m_ty="-15.000000"/>
  </frame>
  <frame idx="3200" w="129" h="258" x="0.000000" y="-54.000000">
   <element name="images" layername="bottl" frame="0" z_index="1" m_a="1.000000" m_b="0.000000" m_c="0.000000" m_d="1.000000" m_tx="0.000000" m_ty="0.000000"/>
   <element name="swap_item" layername="sanity" frame="0" z_index="2" m_a="0.800000" m_b="0.000000" m_c="0.000000" m_d="0.800000" m_tx="0.000000" m_ty="-15.000000"/>
  </frame>
  <frame idx="3225" w="129" h="258" x="0.000000" y="-54.000000">
   <element name="images" layername="bottl" frame="0" z_index="1" m_a="1.000000" m_b="0.000000" m_c="0.000000" m_d="1.000000" m_tx="0.000000" m_ty="0.000000"/>
   <element name="swap_item" layername="sanity" frame="0" z_index="2" m_a="0.806250" m_b="0.000000" m_c="0.000000" m_d="0.806250" m_tx="0.000000" m_ty="-15.000000"/>
  </frame>
  <frame idx="3250" w="129" h="258" x="0.000000" y="-54.000000">
   <element name="images" layername="bottl" frame="0" z_index="1" m_a="1.000000" m_b="0.000000" m_c="0.000000" m_d="1.000000" m_tx="0.000000" m_ty="0.000000"/>
   <element name="swap_item" layername="sanity" frame="0" z_index="2" m_a="0.812500" m_b="0.000000" m_c="0.000000" m_d="0.812500" m_tx="0.000000" m_ty="-15.000000"/>
  </frame>
  <frame idx="3275" w="129" h="258" x="0.000000" y="-54.000000">
   <element name="images" layername="bottl" frame="0" z_index="1" m_a="1.000000" m_b="0.000000" m_c="0.000000" m_d="1.000000" m_tx="0.000000" m_ty="0.000000"/>
   <element name="swap_item" layername="sanity" frame="0" z_index="2" m_a="0.818750" m_b="0.000000" m_c="0.000000" m_d="0.818750" m_tx="0.000000" m_ty="-15.000000"/>
  </frame>
  <frame idx="3300" w="129" h="258" x="0.000000" y="-54.000000">
   <element name="images" layername="bottl" frame="0" z_index="1" m_a="1.000000" m_b="0.000000" m_c="0.000000" m_d="1.000000" m_tx="0.000000" m_ty="0.000000"/>
   <element name="swap_item" layername="sanity" frame="0" z_index="2" m_a="0.825000" m_b="0.000000" m_c="0.000000" m_d="0.825000" m_tx="0.000000" m_ty="-15.000000"/>
  </frame>
  <frame idx="3325" w="129" h="258" x="0.000000" y="-54.000000">
   <element name="images" layername="bottl" frame="0" z_index="1" m_a="1.000000" m_b="0.000000" m_c="0.000000" m_d="1.000000" m_tx="0.000000" m_ty="0.000000"/>
   <element name="swap_item" layername="sanity" frame="0" z_index="2" m_a="0.831250" m_b="0.000000" m_c="0.000000" m_d="0.831250" m_tx="0.000000" m_ty="-15.000000"/>
  </frame>
  <frame idx="3350" w="129" h="258" x="0.000000" y="-54.000000">
   <element name="images" layername="bottl" frame="0" z_index="1" m_a="1.000000" m_b="0.000000" m_c="0.000000" m_d="1.000000" m_tx="0.000000" m_ty="0.000000"/>
   <element name="swap_item" layername="sanity" frame="0" z_index="2" m_a="0.837500" m_b="0.000000" m_c="0.000000" m_d="0.837500" m_tx="0.000000" m_ty="-15.000000"/>
  </frame>
  <frame idx="3375" w="129" h="258" x="0.000000" y="-54.000000">
   <element name="images" layername="bottl" frame="0" z_index="1" m_a="1.000000" m_b="0.000000" m_c="0.000000" m_d="1.000000" m_tx="0.000000" m_ty="0.000000"/>
   <element name="swap_item" layername="sanity" frame="0" z_index="2" m_a="0.843750" m_b="0.000000" m_c="0.000000" m_d="0.843750" m_tx="0.000000" m_ty="-15.000000"/>
  </frame>
  <frame idx="3400" w="129" h="258" x="0.000000" y="-54.000000">
   <element name="images" layername="bottl" frame="0" z_index="1" m_a="1.000000" m_b="0.000000" m_c="0.000000" m_d="1.000000" m_tx="0.000000" m_ty="0.000000"/>
   <element name="swap_item" layername="sanity" frame="0" z_index="2" m_a="0.850000" m_b="0.000000" m_c="0.000000" m_d="0.850000" m_tx="0.000000" m_ty="-15.000000"/>
  </frame>
  <frame idx="3425" w="129" h="258" x="0.000000" y="-54.000000">
   <element name="images" layername="bottl" frame="0" z_index="1" m_a="1.000000" m_b="0.000000" m_c="0.000000" m_d="1.000000" m_tx="0.000000" m_ty="0.000000"/>
   <element name="swap_item" layername="sanity" frame="0" z_index="2" m_a="0.856250" m_b="0.000000" m_c="0.000000" m_d="0.856250" m_tx="0.000000" m_ty="-15.000000"/>
  </frame>
  <frame idx="3450" w="129" h="258" x="0.000000" y="-54.000000">
   <element name="images" layername="bottl" frame="0" z_index="1" m_a="1.000000" m_b="0.000000" m_c="0.000000" m_d="1.000000" m_tx="0.000000" m_ty="0.000000"/>
   <element name="swap_item" layername="sanity" frame="0" z_index="2" m_a="0.862500" m_b="0.000000" m_c="0.000000" m_d="0.862500" m_tx="0.000000" m_ty="-15.000000"/>
  </frame>
  <frame idx="3475" w="129" h="258" x="0.000000" y="-54.000000">
   <element name="images" layername="bottl" frame="0" z_index="1" m_a="1.000000" m_b="0.000000" m_c="0.000000" m_d="1.000000" m_tx="0.000000" m_ty="0.000000"/>
   <element name="swap_item" layername="sanity" frame="0" z_index="2" m_a="0.868750" m_b="0.000000" m_c="0.000000" m_d="0.868750" m_tx="0.000000" m_ty="-15.000000"/>
  </frame>
  <frame idx="3500" w="129" h="258" x="0.000000" y="-54.000000">
   <element name="images" layername="bottl" frame="0" z_index="1" m_a="1.000000" m_b="0.000000" m_c="0.000000" m_d="1.000000" m_tx="0.000000" m_ty="0.000000"/>
   <element name="swap_item" layername="sanity" frame="0" z_index="2" m_a="0.875000" m_b="0.000000" m_c="0.000000" m_d="0.875000" m_tx="0.000000" m_ty="-15.000000"/>
  </frame>
  <frame idx="3525" w="129" h="258" x="0.000000" y="-54.000000">
   <element name="images" layername="bottl" frame="0" z_index="1" m_a="1.000000" m_b="0.000000" m_c="0.000000" m_d="1.000000" m_tx="0.000000" m_ty="0.000000"/>
   <element name="swap_item" layername="sanity" frame="0" z_index="2" m_a="0.881250" m_b="0.000000" m_c="0.000000" m_d="0.881250" m_tx="0.000000" m_ty="-15.000000"/>
  </frame>
  <frame idx="3550" w="129" h="258" x="0.000000" y="-54.000000">
   <element name="images" layername="bottl" frame="0" z_index="1" m_a="1.000000" m_b="0.000000" m_c="0.000000" m_d="1.000000" m_tx="0.000000" m_ty="0.000000"/>
   <element name="swap_item" layername="sanity" frame="0" z_index="2" m_a="0.887500" m_b="0.000000" m_c="0.000000" m_d="0.887500" m_tx="0.000000" m_ty="-15.000000"/>
  </frame>
  <frame idx="3575" w="129" h="258" x="0.000000" y="-54.000000">
   <element name="images" layername="bottl" frame="0" z_index="1" m_a="1.000000" m_b="0.000000" m_c="0.000000" m_d="1.000000" m_tx="0.000000" m_ty="0.000000"/>
   <element name="swap_item" layername="sanity" frame="0" z_index="2" m_a="0.893750" m_b="0.000000" m_c="0.000000" m_d="0.893750" m_tx="0.000000" m_ty="-15.000000"/>
  </frame>
  <frame idx="3600" w="129" h="258" x="0.000000" y="-54.000000">
   <element name="images" layername="bottl" frame="0" z_index="1" m_a="1.000000" m_b="0.000000" m_c="0.000000" m_d="1.000000" m_tx="0.000000" m_ty="0.000000"/>
   <element name="swap_item" layername="sanity" frame="0" z_index="2" m_a="0.900000" m_b="0.000000" m_c="0.000000" m_d="0.900000" m_tx="0.000000" m_ty="-15.000000"/>
  </frame>
  <frame idx="3625" w="129" h="258" x="0.000000" y="-54.000000">
   <element name="images" layername="bottl" frame="0" z_index="1" m_a="1.000000" m_b="0.000000" m_c="0.000000" m_d="1.000000" m_tx="0.000000" m_ty="0.000000"/>
   <element name="swap_item" layername="sanity" frame="0" z_index="2" m_a="0.906250" m_b="0.000000" m_c="0.000000" m_d="0.906250" m_tx="0.000000" m_ty="-15.000000"/>
  </frame>
  <frame idx="3650" w="129" h="258" x="0.000000" y="-54.000000">
   <element name="images" layername="bottl" frame="0" z_index="1" m_a="1.000000" m_b="0.000000" m_c="0.000000" m_d="1.000000" m_tx="0.000000" m_ty="0.000000"/>
   <element name="swap_item" layername="sanity" frame="0" z_index="2" m_a="0.912500" m_b="0.000000" m_c="0.000000" m_d="0.912500" m_tx="0.000000" m_ty="-15.000000"/>
  </frame>
  <frame idx="3675" w="129" h="258" x="0.000000" y="-54.000000">
   <element name="images" layername="bottl" frame="0" z_index="1" m_a="1.000000" m_b="0.000000" m_c="0.000000" m_d="1.000000" m_tx="0.000000" m_ty="0.000000"/>
   <element name="swap_item" layername="sanity" frame="0" z_index="2" m_a="0.918750" m_b="0.000000" m_c="0.000000" m_d="0.918750" m_tx="0.000000" m_ty="-15.000000"/>
  </frame>
  <frame idx="3700" w="129" h="258" x="0.000000" y="-54.000000">
   <element name="images" layername="bottl" frame="0" z_index="1" m_a="1.000000" m_b="0.000000" m_c="0.000000" m_d="1.000000" m_tx="0.000000" m_ty="0.000000"/>
   <element name="swap_item" layername="sanity" frame="0" z_index="2" m_a="0.925000" m_b="0.000000" m_c="0.000000" m_d="0.925000" m_tx="0.000000" m_ty="-15.000000"/>
  </frame>
  <frame idx="3725" w="129" h="258" x="0.000000" y="-54.000000">
   <element name="images" layername="bottl" frame="0" z_index="1" m_a="1.000000" m_b="0.000000" m_c="0.000000" m_d="1.000000" m_tx="0.000000" m_ty="0.000000"/>
   <element name="swap_item" layername="sanity" frame="0" z_index="2" m_a="0.931250" m_b="0.000000" m_c="0.000000" m_d="0.931250" m_tx="0.000000" m_ty="-15.000000"/>
  </frame>
  <frame idx="3750" w="129" h="258" x="0.000000" y="-54.000000">
   <element name="images" layername="bottl" frame="0" z_index="1" m_a="1.000000" m_b="0.000000" m_c="0.000000" m_d="1.000000" m_tx="0.000000" m_ty="0.000000"/>
   <element name="swap_item" layername="sanity" frame="0" z_index="2" m_a="0.937500" m_b="0.000000" m_c="0.000000" m_d="0.937500" m_tx="0.000000" m_ty="-15.000000"/>
  </frame>
  <frame idx="3775" w="129" h="258" x="0.000000" y="-54.000000">
   <element name="images" layername="bottl" frame="0" z_index="1" m_a="1.000000" m_b="0.000000" m_c="0.000000" m_d="1.000000" m_tx="0.000000" m_ty="0.000000"/>
   <element name="swap_item" layername="sanity" frame="0" z_index="2" m_a="0.943750" m_b="0.000000" m_c="0.000000" m_d="0.943750" m_tx="0.000000" m_ty="-15.000000"/>
  </frame>
  <frame idx="3800" w="129" h="258" x="0.000000" y="-54.000000">
   <element name="images" layername="bottl" frame="0" z_index="1" m_a="1.000000" m_b="0.000000" m_c="0.000000" m_d="1.000000" m_tx="0.000000" m_ty="0.000000"/>
   <element name="swap_item" layername="sanity" frame="0" z_index="2" m_a="0.950000" m_b="0.000000" m_c="0.000000" m_d="0.950000" m_tx="0.000000" m_ty="-15.000000"/>
  </frame>
  <frame idx="3825" w="129" h="258" x="0.000000" y="-54.000000">
   <element name="images" layername="bottl" frame="0" z_index="1" m_a="1.000000" m_b="0.000000" m_c="0.000000" m_d="1.000000" m_tx="0.000000" m_ty="0.000000"/>
   <element name="swap_item" layername="sanity" frame="0" z_index="2" m_a="0.956250" m_b="0.000000" m_c="0.000000" m_d="0.956250" m_tx="0.000000" m_ty="-15.000000"/>
  </frame>
  <frame idx="3850" w="129" h="258" x="0.000000" y="-54.000000">
   <element name="images" layername="bottl" frame="0" z_index="1" m_a="1.000000" m_b="0.000000" m_c="0.000000" m_d="1.000000" m_tx="0.000000" m_ty="0.000000"/>
   <element name="swap_item" layername="sanity" frame="0" z_index="2" m_a="0.962500" m_b="0.000000" m_c="0.000000" m_d="0.962500" m_tx="0.000000" m_ty="-15.000000"/>
  </frame>
  <frame idx="3875" w="129" h="258" x="0.000000" y="-54.000000">
   <element name="images" layername="bottl" frame="0" z_index="1" m_a="1.000000" m_b="0.000000" m_c="0.000000" m_d="1.000000" m_tx="0.000000" m_ty="0.000000"/>
   <element name="swap_item" layername="sanity" frame="0" z_index="2" m_a="0.968750" m_b="0.000000" m_c="0.000000" m_d="0.968750" m_tx="0.000000" m_ty="-15.000000"/>
  </frame>
  <frame idx="3900" w="129" h="258" x="0.000000" y="-54.000000">
   <element name="images" layername="bottl" frame="0" z_index="1" m_a="1.000000" m_b="0.000000" m_c="0.000000" m_d="1.000000" m_tx="0.000000" m_ty="0.000000"/>
   <element name="swap_item" layername="sanity" frame="0" z_index="2" m_a="0.975000" m_b="0.000000" m_c="0.000000" m_d="0.975000" m_tx="0.000000" m_ty="-15.000000"/>
  </frame>
  <frame idx="3925" w="129" h="258" x="0.000000" y="-54.000000">
   <element name="images" layername="bottl" frame="0" z_index="1" m_a="1.000000" m_b="0.000000" m_c="0.000000" m_d="1.000000" m_tx="0.000000" m_ty="0.000000"/>
   <element name="swap_item" layername="sanity" frame="0" z_index="2" m_a="0.981250" m_b="0.000000" m_c="0.000000" m_d="0.981250" m_tx="0.000000" m_ty="-15.000000"/>
  </frame>
  <frame idx="3950" w="129" h="258" x="0.000000" y="-54.000000">
   <element name="images" layername="bottl" frame="0" z_index="1" m_a="1.000000" m_b="0.000000" m_c="0.000000" m_d="1.000000" m_tx="0.000000" m_ty="0.000000"/>
   <element name="swap_item" layername="sanity" frame="0" z_index="2" m_a="0.987500" m_b="0.000000" m_c="0.000000" m_d="0.987500" m_tx="0.000000" m_ty="-15.000000"/>
  </frame>
  <frame idx="3975" w="129" h="258" x="0.000000" y="-54.000000">
   <element name="images" layername="bottl" frame="0" z_index="1" m_a="1.000000" m_b="0.000000" m_c="0.000000" m_d="1.000000" m_tx="0.000000" m_ty="0.000000"/>
   <element name="swap_item" layername="sanity" frame="0" z_index="2" m_a="0.993750" m_b="0.000000" m_c="0.000000" m_d="0.993750" m_tx="0.000000" m_ty="-15.000000"/>
  </frame>
 </anim>
</Anims>
